Fecha,Fecha_SoloDia,Hora,Turno,Tipo_Producto,Escenario,Tiempo_Ciclo_seg,Unidades_Producidas,Tiempo_Muerto_min,Defectos,Velocidad_Linea,Operador_Supervisor
2026-02-01 02:55:00,2026-02-01,02:55,Tarde,Producto B,TO-BE,43.88,69,3.6,0,0.98,Sup-A
2026-02-01 03:31:00,2026-02-01,03:31,Mañana,Producto C,TO-BE,47.51,74,3.2,1,1.11,Sup-A
2026-02-01 05:45:00,2026-02-01,05:45,Tarde,Producto C,TO-BE,52.12,65,3.2,0,1.0,Sup-D
2026-02-01 06:06:00,2026-02-01,06:06,Mañana,Producto B,TO-BE,43.62,83,3.7,1,1.03,Sup-D
2026-02-01 08:22:00,2026-02-01,08:22,Mañana,Producto B,TO-BE,44.94,71,12.1,0,1.09,Sup-B
2026-02-01 08:55:00,2026-02-01,08:55,Mañana,Producto B,TO-BE,40.12,80,4.3,2,1.11,Sup-B
2026-02-01 08:57:00,2026-02-01,08:57,Tarde,Producto A,TO-BE,39.37,80,3.9,1,1.02,Sup-B
2026-02-01 09:14:00,2026-02-01,09:14,Tarde,Producto A,TO-BE,39.39,79,5.0,0,1.03,Sup-B
2026-02-01 12:10:00,2026-02-01,12:10,Mañana,Producto B,TO-BE,44.31,84,4.5,1,1.02,Sup-C
2026-02-01 15:04:00,2026-02-01,15:04,Tarde,Producto C,TO-BE,52.52,57,5.2,2,0.89,Sup-A
2026-02-01 15:19:00,2026-02-01,15:19,Tarde,Producto A,TO-BE,38.21,89,5.2,0,1.1,Sup-B
2026-02-01 20:09:00,2026-02-01,20:09,Tarde,Producto A,TO-BE,43.32,58,8.9,0,0.95,Sup-A
2026-02-01 20:20:00,2026-02-01,20:20,Tarde,Producto B,TO-BE,44.36,69,3.7,1,1.01,Sup-C
2026-02-01 22:52:00,2026-02-01,22:52,Mañana,Producto A,TO-BE,37.1,78,1.6,1,1.05,Sup-C
2026-02-01 23:42:00,2026-02-01,23:42,Mañana,Producto C,TO-BE,49.07,79,4.4,1,1.11,Sup-A
2026-02-02 00:29:00,2026-02-02,00:29,Tarde,Producto B,TO-BE,43.68,75,1.8,1,1.0,Sup-C
2026-02-02 00:44:00,2026-02-02,00:44,Tarde,Producto B,TO-BE,44.57,72,3.9,1,1.02,Sup-C
2026-02-02 01:40:00,2026-02-02,01:40,Noche,Producto C,TO-BE,53.21,48,4.9,0,0.96,Sup-C
2026-02-02 02:49:00,2026-02-02,02:49,Noche,Producto A,TO-BE,40.08,75,4.9,2,1.02,Sup-D
2026-02-02 03:17:00,2026-02-02,03:17,Mañana,Producto B,TO-BE,41.56,71,2.8,1,1.04,Sup-A
2026-02-02 06:13:00,2026-02-02,06:13,Mañana,Producto C,TO-BE,46.26,78,3.5,1,1.15,Sup-C
2026-02-02 08:15:00,2026-02-02,08:15,Noche,Producto B,TO-BE,48.99,39,3.8,1,0.88,Sup-C
2026-02-02 09:26:00,2026-02-02,09:26,Tarde,Producto B,TO-BE,44.0,77,3.9,2,1.0,Sup-C
2026-02-02 10:47:00,2026-02-02,10:47,Noche,Producto C,TO-BE,54.98,56,6.3,5,0.92,Sup-C
2026-02-02 11:18:00,2026-02-02,11:18,Mañana,Producto B,TO-BE,41.36,77,3.7,0,1.03,Sup-C
2026-02-02 11:50:00,2026-02-02,11:50,Mañana,Producto B,TO-BE,42.36,80,4.1,1,1.03,Sup-D
2026-02-02 14:07:00,2026-02-02,14:07,Mañana,Producto B,TO-BE,44.8,71,2.5,0,1.01,Sup-D
2026-02-02 16:27:00,2026-02-02,16:27,Noche,Producto A,TO-BE,40.61,54,4.9,0,0.92,Sup-C
2026-02-02 16:41:00,2026-02-02,16:41,Tarde,Producto C,TO-BE,48.46,44,15.0,0,1.03,Sup-D
2026-02-02 20:04:00,2026-02-02,20:04,Tarde,Producto A,TO-BE,42.23,71,4.1,0,0.95,Sup-A
2026-02-03 02:23:00,2026-02-03,02:23,Tarde,Producto A,TO-BE,41.61,68,3.8,2,0.96,Sup-B
2026-02-03 02:56:00,2026-02-03,02:56,Mañana,Producto A,TO-BE,39.05,85,4.0,1,1.06,Sup-C
2026-02-03 07:08:00,2026-02-03,07:08,Mañana,Producto A,TO-BE,37.98,84,1.8,0,1.1,Sup-B
2026-02-03 07:20:00,2026-02-03,07:20,Tarde,Producto A,TO-BE,43.52,58,3.3,2,0.89,Sup-B
2026-02-03 08:39:00,2026-02-03,08:39,Tarde,Producto A,TO-BE,38.54,77,4.0,0,1.01,Sup-A
2026-02-03 08:41:00,2026-02-03,08:41,Tarde,Producto B,TO-BE,41.92,81,3.4,2,1.1,Sup-C
2026-02-03 12:33:00,2026-02-03,12:33,Tarde,Producto B,TO-BE,44.15,74,5.3,2,1.03,Sup-D
2026-02-03 13:42:00,2026-02-03,13:42,Mañana,Producto B,TO-BE,40.14,65,11.1,0,1.05,Sup-C
2026-02-03 16:34:00,2026-02-03,16:34,Mañana,Producto C,TO-BE,43.69,86,3.9,3,1.16,Sup-B
2026-02-03 16:44:00,2026-02-03,16:44,Mañana,Producto A,TO-BE,34.66,86,1.8,2,1.16,Sup-C
2026-02-03 17:48:00,2026-02-03,17:48,Tarde,Producto C,TO-BE,52.18,56,3.5,0,0.95,Sup-C
2026-02-03 20:34:00,2026-02-03,20:34,Mañana,Producto A,TO-BE,39.39,83,2.8,2,1.01,Sup-C
2026-02-03 20:55:00,2026-02-03,20:55,Mañana,Producto A,TO-BE,34.91,80,3.4,1,1.07,Sup-B
2026-02-03 22:02:00,2026-02-03,22:02,Mañana,Producto B,TO-BE,41.16,70,3.4,0,1.01,Sup-A
2026-02-03 22:52:00,2026-02-03,22:52,Mañana,Producto B,TO-BE,40.28,77,2.8,1,1.06,Sup-B
2026-02-04 01:43:00,2026-02-04,01:43,Mañana,Producto B,TO-BE,40.97,93,3.5,1,1.07,Sup-B
2026-02-04 03:47:00,2026-02-04,03:47,Noche,Producto B,TO-BE,45.26,57,7.5,0,1.0,Sup-C
2026-02-04 07:14:00,2026-02-04,07:14,Tarde,Producto A,TO-BE,39.22,76,3.5,0,1.0,Sup-A
2026-02-04 07:23:00,2026-02-04,07:23,Noche,Producto B,TO-BE,43.75,61,4.2,3,0.96,Sup-C
2026-02-04 09:44:00,2026-02-04,09:44,Noche,Producto A,TO-BE,42.7,80,6.5,0,1.0,Sup-C
2026-02-04 11:59:00,2026-02-04,11:59,Tarde,Producto A,TO-BE,40.33,75,5.3,3,1.05,Sup-B
2026-02-04 12:56:00,2026-02-04,12:56,Noche,Producto B,TO-BE,44.44,59,9.2,1,0.94,Sup-C
2026-02-04 14:09:00,2026-02-04,14:09,Mañana,Producto A,TO-BE,36.91,89,4.0,1,1.05,Sup-A
2026-02-04 14:44:00,2026-02-04,14:44,Mañana,Producto C,TO-BE,48.36,85,0.4,0,1.07,Sup-A
2026-02-04 14:54:00,2026-02-04,14:54,Noche,Producto A,TO-BE,42.28,63,5.6,1,0.95,Sup-C
2026-02-04 15:09:00,2026-02-04,15:09,Noche,Producto A,TO-BE,42.79,41,14.5,1,0.98,Sup-D
2026-02-04 16:27:00,2026-02-04,16:27,Tarde,Producto A,TO-BE,38.73,74,6.2,0,1.0,Sup-A
2026-02-04 19:36:00,2026-02-04,19:36,Mañana,Producto B,TO-BE,44.25,92,3.1,0,1.01,Sup-D
2026-02-04 21:32:00,2026-02-04,21:32,Tarde,Producto A,TO-BE,36.89,78,5.7,0,1.04,Sup-D
2026-02-04 22:05:00,2026-02-04,22:05,Noche,Producto B,TO-BE,49.66,65,4.8,2,0.84,Sup-C
2026-02-05 01:30:00,2026-02-05,01:30,Mañana,Producto A,TO-BE,41.1,87,2.5,0,1.02,Sup-B
2026-02-05 01:33:00,2026-02-05,01:33,Tarde,Producto B,TO-BE,40.89,86,2.9,2,1.09,Sup-A
2026-02-05 02:25:00,2026-02-05,02:25,Tarde,Producto A,TO-BE,41.71,75,2.1,1,1.01,Sup-B
2026-02-05 03:34:00,2026-02-05,03:34,Tarde,Producto B,TO-BE,44.74,74,2.8,2,1.02,Sup-C
2026-02-05 04:03:00,2026-02-05,04:03,Tarde,Producto A,TO-BE,39.13,74,4.8,1,0.98,Sup-C
2026-02-05 05:10:00,2026-02-05,05:10,Tarde,Producto A,TO-BE,40.52,71,10.4,1,1.01,Sup-D
2026-02-05 06:46:00,2026-02-05,06:46,Tarde,Producto C,TO-BE,52.18,60,3.6,1,1.0,Sup-B
2026-02-05 11:22:00,2026-02-05,11:22,Noche,Producto A,TO-BE,40.39,57,6.4,2,1.01,Sup-D
2026-02-05 13:54:00,2026-02-05,13:54,Tarde,Producto A,TO-BE,39.0,74,3.8,1,1.0,Sup-C
2026-02-05 15:24:00,2026-02-05,15:24,Mañana,Producto C,TO-BE,42.29,78,3.4,1,1.08,Sup-A
2026-02-05 17:15:00,2026-02-05,17:15,Noche,Producto A,TO-BE,41.31,59,5.4,0,0.86,Sup-D
2026-02-05 18:31:00,2026-02-05,18:31,Tarde,Producto C,TO-BE,49.14,76,4.1,1,1.0,Sup-B
2026-02-05 23:03:00,2026-02-05,23:03,Noche,Producto B,TO-BE,45.87,60,2.7,0,0.94,Sup-C
2026-02-05 23:20:00,2026-02-05,23:20,Tarde,Producto A,TO-BE,41.48,81,5.3,1,0.97,Sup-D
2026-02-05 23:36:00,2026-02-05,23:36,Mañana,Producto B,TO-BE,43.16,85,3.3,0,1.05,Sup-C
2026-02-06 01:19:00,2026-02-06,01:19,Mañana,Producto C,TO-BE,51.19,80,2.2,1,1.07,Sup-A
2026-02-06 01:40:00,2026-02-06,01:40,Noche,Producto C,TO-BE,54.53,43,4.7,0,0.92,Sup-D
2026-02-06 02:00:00,2026-02-06,02:00,Noche,Producto C,TO-BE,59.02,60,4.9,3,0.89,Sup-D
2026-02-06 03:43:00,2026-02-06,03:43,Mañana,Producto A,TO-BE,37.46,108,3.6,0,1.2,Sup-C
2026-02-06 08:10:00,2026-02-06,08:10,Mañana,Producto B,TO-BE,44.91,85,1.4,0,1.02,Sup-D
2026-02-06 08:35:00,2026-02-06,08:35,Noche,Producto C,TO-BE,52.06,58,3.5,1,0.91,Sup-C
2026-02-06 10:13:00,2026-02-06,10:13,Noche,Producto B,TO-BE,48.44,57,3.5,1,0.9,Sup-C
2026-02-06 12:46:00,2026-02-06,12:46,Mañana,Producto C,TO-BE,50.16,63,3.9,4,1.04,Sup-A
2026-02-06 14:03:00,2026-02-06,14:03,Mañana,Producto A,TO-BE,39.44,84,1.7,0,1.07,Sup-C
2026-02-06 15:26:00,2026-02-06,15:26,Mañana,Producto B,TO-BE,42.18,62,9.9,2,1.05,Sup-B
2026-02-06 17:04:00,2026-02-06,17:04,Tarde,Producto A,TO-BE,40.16,68,2.2,1,1.0,Sup-A
2026-02-06 18:06:00,2026-02-06,18:06,Mañana,Producto A,TO-BE,35.6,82,2.8,2,1.08,Sup-B
2026-02-06 20:45:00,2026-02-06,20:45,Tarde,Producto B,TO-BE,44.2,72,2.9,0,1.04,Sup-B
2026-02-06 21:12:00,2026-02-06,21:12,Mañana,Producto B,TO-BE,40.36,86,2.0,1,1.05,Sup-B
2026-02-06 23:08:00,2026-02-06,23:08,Mañana,Producto A,TO-BE,40.63,80,11.7,0,1.06,Sup-B
2026-02-07 04:11:00,2026-02-07,04:11,Mañana,Producto A,TO-BE,39.35,82,4.2,0,1.06,Sup-B
2026-02-07 04:33:00,2026-02-07,04:33,Tarde,Producto A,TO-BE,41.78,82,3.6,0,1.03,Sup-C
2026-02-07 04:51:00,2026-02-07,04:51,Tarde,Producto B,TO-BE,46.5,63,7.6,2,1.0,Sup-C
2026-02-07 07:14:00,2026-02-07,07:14,Mañana,Producto C,TO-BE,50.58,71,2.9,1,1.0,Sup-B
2026-02-07 07:56:00,2026-02-07,07:56,Tarde,Producto C,TO-BE,52.63,68,3.3,0,0.99,Sup-B
2026-02-07 08:07:00,2026-02-07,08:07,Tarde,Producto A,TO-BE,41.86,69,2.7,2,0.96,Sup-B
2026-02-07 10:26:00,2026-02-07,10:26,Mañana,Producto C,TO-BE,46.32,74,6.0,0,1.06,Sup-D
2026-02-07 11:46:00,2026-02-07,11:46,Noche,Producto A,TO-BE,45.04,61,6.5,3,0.99,Sup-C
2026-02-07 12:25:00,2026-02-07,12:25,Tarde,Producto A,TO-BE,39.79,67,5.1,0,1.01,Sup-C
2026-02-07 14:04:00,2026-02-07,14:04,Tarde,Producto C,TO-BE,52.38,61,6.1,0,1.03,Sup-B
2026-02-07 16:19:00,2026-02-07,16:19,Tarde,Producto A,TO-BE,41.97,82,4.9,0,1.01,Sup-A
2026-02-07 16:22:00,2026-02-07,16:22,Mañana,Producto A,TO-BE,41.22,76,4.9,1,0.97,Sup-C
2026-02-07 17:56:00,2026-02-07,17:56,Mañana,Producto C,TO-BE,48.77,73,6.1,1,1.1,Sup-D
2026-02-07 20:12:00,2026-02-07,20:12,Mañana,Producto A,TO-BE,38.51,89,4.4,1,1.12,Sup-D
2026-02-07 22:56:00,2026-02-07,22:56,Noche,Producto A,TO-BE,44.87,52,7.2,0,0.91,Sup-D
2026-02-08 03:38:00,2026-02-08,03:38,Tarde,Producto A,TO-BE,42.81,63,5.0,0,0.93,Sup-A
2026-02-08 05:10:00,2026-02-08,05:10,Mañana,Producto B,TO-BE,43.93,73,4.2,0,1.0,Sup-C
2026-02-08 05:52:00,2026-02-08,05:52,Tarde,Producto C,TO-BE,52.26,50,6.5,1,0.99,Sup-A
2026-02-08 11:19:00,2026-02-08,11:19,Noche,Producto C,TO-BE,55.31,49,7.0,0,0.93,Sup-D
2026-02-08 13:25:00,2026-02-08,13:25,Mañana,Producto C,TO-BE,50.17,69,4.4,0,0.96,Sup-C
2026-02-08 13:35:00,2026-02-08,13:35,Noche,Producto A,TO-BE,45.26,62,4.0,0,0.89,Sup-C
2026-02-08 14:10:00,2026-02-08,14:10,Tarde,Producto C,TO-BE,48.8,66,3.7,1,1.01,Sup-A
2026-02-08 14:25:00,2026-02-08,14:25,Mañana,Producto A,TO-BE,36.56,97,3.2,4,1.13,Sup-A
2026-02-08 15:07:00,2026-02-08,15:07,Tarde,Producto B,TO-BE,42.6,64,4.7,1,0.99,Sup-D
2026-02-08 15:22:00,2026-02-08,15:22,Mañana,Producto A,TO-BE,40.85,79,4.5,1,0.94,Sup-A
2026-02-08 16:20:00,2026-02-08,16:20,Noche,Producto B,TO-BE,48.26,65,6.5,2,0.96,Sup-C
2026-02-08 18:13:00,2026-02-08,18:13,Tarde,Producto B,TO-BE,45.71,75,4.6,1,1.05,Sup-D
2026-02-08 19:05:00,2026-02-08,19:05,Tarde,Producto A,TO-BE,38.58,73,14.7,1,1.09,Sup-C
2026-02-08 21:59:00,2026-02-08,21:59,Mañana,Producto C,TO-BE,51.38,66,4.5,3,1.01,Sup-C
2026-02-08 22:11:00,2026-02-08,22:11,Tarde,Producto B,TO-BE,43.2,72,5.8,1,1.03,Sup-D
2026-02-09 01:28:00,2026-02-09,01:28,Mañana,Producto B,TO-BE,40.24,88,0.7,4,1.1,Sup-A
2026-02-09 01:46:00,2026-02-09,01:46,Tarde,Producto A,TO-BE,37.99,74,4.8,1,1.08,Sup-D
2026-02-09 03:41:00,2026-02-09,03:41,Noche,Producto A,TO-BE,45.59,57,7.4,6,0.94,Sup-D
2026-02-09 05:19:00,2026-02-09,05:19,Tarde,Producto B,TO-BE,44.86,70,4.9,0,0.98,Sup-A
2026-02-09 05:35:00,2026-02-09,05:35,Tarde,Producto A,TO-BE,43.24,79,3.0,0,1.02,Sup-A
2026-02-09 09:03:00,2026-02-09,09:03,Mañana,Producto C,TO-BE,50.2,79,1.8,1,1.01,Sup-D
2026-02-09 09:29:00,2026-02-09,09:29,Tarde,Producto B,TO-BE,44.88,56,8.6,0,0.96,Sup-C
2026-02-09 11:52:00,2026-02-09,11:52,Noche,Producto A,TO-BE,43.12,61,6.7,0,0.96,Sup-C
2026-02-09 14:34:00,2026-02-09,14:34,Tarde,Producto C,TO-BE,52.25,66,3.9,1,1.01,Sup-C
2026-02-09 15:26:00,2026-02-09,15:26,Noche,Producto B,TO-BE,46.26,55,2.7,1,0.88,Sup-C
2026-02-09 15:52:00,2026-02-09,15:52,Tarde,Producto A,TO-BE,38.8,77,2.6,0,1.02,Sup-A
2026-02-09 16:35:00,2026-02-09,16:35,Noche,Producto A,TO-BE,41.31,54,5.3,0,1.01,Sup-D
2026-02-09 17:48:00,2026-02-09,17:48,Mañana,Producto A,TO-BE,38.36,70,5.7,0,1.01,Sup-A
2026-02-09 19:57:00,2026-02-09,19:57,Mañana,Producto B,TO-BE,42.16,77,0.9,0,1.0,Sup-A
2026-02-09 20:41:00,2026-02-09,20:41,Tarde,Producto A,TO-BE,41.42,80,2.8,0,1.09,Sup-D
2026-02-10 00:06:00,2026-02-10,00:06,Mañana,Producto C,TO-BE,48.57,76,2.9,3,1.0,Sup-B
2026-02-10 00:38:00,2026-02-10,00:38,Tarde,Producto B,TO-BE,41.29,76,3.9,1,1.11,Sup-A
2026-02-10 00:47:00,2026-02-10,00:47,Tarde,Producto B,TO-BE,42.66,81,4.6,1,1.02,Sup-B
2026-02-10 05:06:00,2026-02-10,05:06,Mañana,Producto B,TO-BE,38.79,77,0.9,1,1.06,Sup-C
2026-02-10 05:22:00,2026-02-10,05:22,Noche,Producto B,TO-BE,47.17,72,5.2,3,0.96,Sup-C
2026-02-10 06:48:00,2026-02-10,06:48,Noche,Producto A,TO-BE,42.56,53,4.2,1,0.87,Sup-D
2026-02-10 08:40:00,2026-02-10,08:40,Noche,Producto A,TO-BE,47.95,55,6.0,1,0.96,Sup-D
2026-02-10 08:54:00,2026-02-10,08:54,Noche,Producto B,TO-BE,47.21,53,5.5,0,0.93,Sup-C
2026-02-10 09:43:00,2026-02-10,09:43,Tarde,Producto A,TO-BE,38.71,68,4.8,0,1.0,Sup-A
2026-02-10 10:44:00,2026-02-10,10:44,Noche,Producto C,TO-BE,51.02,51,3.5,3,0.89,Sup-C
2026-02-10 13:01:00,2026-02-10,13:01,Mañana,Producto B,TO-BE,40.19,83,1.5,2,1.07,Sup-D
2026-02-10 13:01:00,2026-02-10,13:01,Tarde,Producto A,TO-BE,41.91,64,8.6,1,0.94,Sup-C
2026-02-10 13:02:00,2026-02-10,13:02,Tarde,Producto A,TO-BE,39.06,78,2.9,0,0.97,Sup-D
2026-02-10 18:24:00,2026-02-10,18:24,Mañana,Producto B,TO-BE,42.93,74,1.9,1,1.02,Sup-A
2026-02-10 19:50:00,2026-02-10,19:50,Mañana,Producto C,TO-BE,47.54,92,1.3,1,1.11,Sup-B
2026-02-11 02:13:00,2026-02-11,02:13,Mañana,Producto B,TO-BE,43.25,78,2.1,2,0.98,Sup-A
2026-02-11 03:15:00,2026-02-11,03:15,Mañana,Producto B,TO-BE,41.82,85,0.8,0,1.05,Sup-D
2026-02-11 03:41:00,2026-02-11,03:41,Mañana,Producto C,TO-BE,46.5,84,4.0,1,1.1,Sup-A
2026-02-11 03:45:00,2026-02-11,03:45,Mañana,Producto B,TO-BE,39.88,74,10.7,1,1.11,Sup-C
2026-02-11 03:59:00,2026-02-11,03:59,Mañana,Producto A,TO-BE,34.88,96,1.3,1,1.05,Sup-D
2026-02-11 04:36:00,2026-02-11,04:36,Mañana,Producto B,TO-BE,37.33,80,3.0,0,1.12,Sup-A
2026-02-11 05:45:00,2026-02-11,05:45,Mañana,Producto C,TO-BE,45.74,86,4.3,5,1.1,Sup-C
2026-02-11 07:49:00,2026-02-11,07:49,Mañana,Producto A,TO-BE,38.32,81,3.2,2,1.05,Sup-A
2026-02-11 13:01:00,2026-02-11,13:01,Tarde,Producto C,TO-BE,49.21,71,3.1,0,1.0,Sup-D
2026-02-11 16:56:00,2026-02-11,16:56,Mañana,Producto C,TO-BE,46.78,65,4.8,2,0.98,Sup-D
2026-02-11 19:20:00,2026-02-11,19:20,Tarde,Producto B,TO-BE,44.69,81,4.1,2,1.01,Sup-C
2026-02-11 19:42:00,2026-02-11,19:42,Mañana,Producto A,TO-BE,35.87,86,1.8,0,1.02,Sup-A
2026-02-11 20:07:00,2026-02-11,20:07,Mañana,Producto A,TO-BE,35.24,88,3.8,1,1.05,Sup-B
2026-02-11 20:56:00,2026-02-11,20:56,Mañana,Producto A,TO-BE,34.24,85,2.9,0,1.13,Sup-C
2026-02-11 22:40:00,2026-02-11,22:40,Tarde,Producto A,TO-BE,36.41,73,4.3,0,1.11,Sup-D
2026-02-12 02:35:00,2026-02-12,02:35,Tarde,Producto A,TO-BE,40.01,78,0.0,1,0.96,Sup-D
2026-02-12 02:37:00,2026-02-12,02:37,Tarde,Producto A,TO-BE,36.39,90,2.9,1,1.07,Sup-A
2026-02-12 03:07:00,2026-02-12,03:07,Mañana,Producto B,TO-BE,38.03,88,2.2,0,1.1,Sup-B
2026-02-12 04:06:00,2026-02-12,04:06,Tarde,Producto B,TO-BE,43.45,66,5.0,0,1.07,Sup-B
2026-02-12 04:43:00,2026-02-12,04:43,Tarde,Producto A,TO-BE,39.7,88,2.2,1,1.02,Sup-D
2026-02-12 09:51:00,2026-02-12,09:51,Tarde,Producto B,TO-BE,45.03,61,8.3,1,1.0,Sup-C
2026-02-12 10:56:00,2026-02-12,10:56,Noche,Producto A,TO-BE,42.27,73,4.8,2,1.01,Sup-D
2026-02-12 15:03:00,2026-02-12,15:03,Mañana,Producto A,TO-BE,38.81,67,8.9,1,1.02,Sup-D
2026-02-12 15:22:00,2026-02-12,15:22,Tarde,Producto B,TO-BE,46.7,68,2.8,2,1.0,Sup-A
2026-02-12 16:12:00,2026-02-12,16:12,Mañana,Producto B,TO-BE,39.97,90,3.4,2,1.14,Sup-A
2026-02-12 16:15:00,2026-02-12,16:15,Mañana,Producto B,TO-BE,42.4,53,10.0,1,1.04,Sup-D
2026-02-12 19:15:00,2026-02-12,19:15,Noche,Producto B,TO-BE,47.39,58,4.8,1,1.0,Sup-D
2026-02-12 21:09:00,2026-02-12,21:09,Noche,Producto C,TO-BE,52.8,53,4.9,3,0.95,Sup-C
2026-02-12 22:06:00,2026-02-12,22:06,Noche,Producto A,TO-BE,42.93,57,5.1,1,0.9,Sup-C
2026-02-12 22:25:00,2026-02-12,22:25,Tarde,Producto B,TO-BE,43.22,63,3.8,2,1.03,Sup-D
2026-02-13 00:55:00,2026-02-13,00:55,Tarde,Producto B,TO-BE,42.51,77,3.4,0,0.99,Sup-D
2026-02-13 01:01:00,2026-02-13,01:01,Noche,Producto B,TO-BE,48.97,57,3.2,0,0.89,Sup-D
2026-02-13 02:19:00,2026-02-13,02:19,Mañana,Producto A,TO-BE,38.49,81,2.5,1,1.01,Sup-A
2026-02-13 04:18:00,2026-02-13,04:18,Mañana,Producto B,TO-BE,41.76,77,2.9,1,1.13,Sup-B
2026-02-13 04:21:00,2026-02-13,04:21,Noche,Producto A,TO-BE,44.79,61,6.9,0,0.97,Sup-D
2026-02-13 04:42:00,2026-02-13,04:42,Mañana,Producto A,TO-BE,39.09,92,1.6,0,1.07,Sup-A
2026-02-13 09:59:00,2026-02-13,09:59,Mañana,Producto B,TO-BE,41.49,91,4.6,0,1.14,Sup-A
2026-02-13 10:16:00,2026-02-13,10:16,Mañana,Producto C,TO-BE,48.64,82,2.1,1,1.06,Sup-D
2026-02-13 11:17:00,2026-02-13,11:17,Mañana,Producto B,TO-BE,43.3,67,11.4,2,1.05,Sup-C
2026-02-13 12:05:00,2026-02-13,12:05,Mañana,Producto A,TO-BE,40.67,88,0.3,0,1.06,Sup-D
2026-02-13 14:30:00,2026-02-13,14:30,Tarde,Producto A,TO-BE,36.73,77,3.1,1,1.02,Sup-C
2026-02-13 19:12:00,2026-02-13,19:12,Mañana,Producto A,TO-BE,36.24,98,0.0,1,1.11,Sup-B
2026-02-13 19:45:00,2026-02-13,19:45,Mañana,Producto C,TO-BE,47.16,75,1.0,2,1.02,Sup-A
2026-02-13 22:09:00,2026-02-13,22:09,Tarde,Producto C,TO-BE,52.36,60,2.9,0,0.93,Sup-A
2026-02-13 22:26:00,2026-02-13,22:26,Noche,Producto A,TO-BE,42.28,65,5.5,1,0.96,Sup-C
2026-02-14 00:08:00,2026-02-14,00:08,Tarde,Producto C,TO-BE,50.22,69,3.7,3,1.06,Sup-C
2026-02-14 00:23:00,2026-02-14,00:23,Mañana,Producto B,TO-BE,45.26,87,4.2,0,1.12,Sup-D
2026-02-14 01:32:00,2026-02-14,01:32,Mañana,Producto C,TO-BE,50.09,73,3.0,2,1.01,Sup-B
2026-02-14 03:48:00,2026-02-14,03:48,Mañana,Producto B,TO-BE,45.02,69,5.9,2,1.03,Sup-A
2026-02-14 03:58:00,2026-02-14,03:58,Mañana,Producto B,TO-BE,42.45,89,3.2,0,1.04,Sup-B
2026-02-14 05:46:00,2026-02-14,05:46,Tarde,Producto C,TO-BE,48.76,72,7.0,0,1.09,Sup-A
2026-02-14 08:09:00,2026-02-14,08:09,Tarde,Producto A,TO-BE,40.22,61,6.8,1,0.97,Sup-B
2026-02-14 09:37:00,2026-02-14,09:37,Tarde,Producto B,TO-BE,47.3,66,3.5,0,1.01,Sup-B
2026-02-14 10:54:00,2026-02-14,10:54,Tarde,Producto B,TO-BE,42.51,69,5.3,0,1.05,Sup-D
2026-02-14 11:23:00,2026-02-14,11:23,Noche,Producto A,TO-BE,42.33,60,5.6,0,0.97,Sup-D
2026-02-14 14:34:00,2026-02-14,14:34,Noche,Producto A,TO-BE,47.86,51,7.9,1,0.94,Sup-D
2026-02-14 16:55:00,2026-02-14,16:55,Mañana,Producto A,TO-BE,40.78,78,4.3,0,0.99,Sup-D
2026-02-14 18:17:00,2026-02-14,18:17,Noche,Producto A,TO-BE,42.91,59,8.3,2,1.0,Sup-D
2026-02-14 20:37:00,2026-02-14,20:37,Tarde,Producto A,TO-BE,39.75,72,4.4,1,1.06,Sup-A
2026-02-14 23:20:00,2026-02-14,23:20,Tarde,Producto C,TO-BE,49.2,74,4.3,0,1.0,Sup-A
2026-02-15 00:25:00,2026-02-15,00:25,Noche,Producto A,TO-BE,45.38,57,5.2,0,0.9,Sup-C
2026-02-15 01:13:00,2026-02-15,01:13,Mañana,Producto A,TO-BE,42.04,79,4.1,0,0.99,Sup-A
2026-02-15 04:20:00,2026-02-15,04:20,Tarde,Producto A,TO-BE,39.22,66,5.1,0,1.04,Sup-A
2026-02-15 07:46:00,2026-02-15,07:46,Noche,Producto A,TO-BE,43.16,53,6.2,3,0.94,Sup-D
2026-02-15 08:25:00,2026-02-15,08:25,Mañana,Producto A,TO-BE,42.43,74,4.3,2,1.03,Sup-C
2026-02-15 13:14:00,2026-02-15,13:14,Mañana,Producto A,TO-BE,37.79,92,4.8,1,1.11,Sup-A
2026-02-15 16:05:00,2026-02-15,16:05,Noche,Producto B,TO-BE,47.4,69,6.0,1,1.04,Sup-D
2026-02-15 18:40:00,2026-02-15,18:40,Noche,Producto B,TO-BE,49.77,65,5.4,3,1.05,Sup-C
2026-02-15 18:46:00,2026-02-15,18:46,Mañana,Producto A,TO-BE,38.01,81,2.7,0,1.03,Sup-D
2026-02-15 18:56:00,2026-02-15,18:56,Mañana,Producto B,TO-BE,43.22,81,3.3,2,1.04,Sup-A
2026-02-15 18:59:00,2026-02-15,18:59,Tarde,Producto B,TO-BE,44.17,63,4.2,2,0.98,Sup-B
2026-02-15 21:57:00,2026-02-15,21:57,Noche,Producto B,TO-BE,43.16,58,7.4,1,1.0,Sup-C
2026-02-15 22:24:00,2026-02-15,22:24,Mañana,Producto C,TO-BE,49.83,88,5.0,1,1.17,Sup-D
2026-02-15 23:14:00,2026-02-15,23:14,Noche,Producto A,TO-BE,44.52,57,5.3,0,0.96,Sup-C
2026-02-15 23:28:00,2026-02-15,23:28,Noche,Producto B,TO-BE,46.61,63,6.9,1,0.99,Sup-C
2026-02-16 00:22:00,2026-02-16,00:22,Tarde,Producto A,TO-BE,40.04,78,2.4,0,1.04,Sup-A
2026-02-16 03:22:00,2026-02-16,03:22,Noche,Producto A,TO-BE,40.61,66,5.9,1,1.0,Sup-D
2026-02-16 04:41:00,2026-02-16,04:41,Tarde,Producto B,TO-BE,41.76,64,8.4,2,1.02,Sup-D
2026-02-16 05:26:00,2026-02-16,05:26,Tarde,Producto A,TO-BE,39.46,75,4.6,1,0.98,Sup-B
2026-02-16 05:32:00,2026-02-16,05:32,Mañana,Producto A,TO-BE,37.3,86,2.5,1,1.01,Sup-A
2026-02-16 06:27:00,2026-02-16,06:27,Mañana,Producto A,TO-BE,37.67,80,3.0,1,0.97,Sup-D
2026-02-16 07:18:00,2026-02-16,07:18,Mañana,Producto A,TO-BE,39.41,76,2.6,0,1.07,Sup-A
2026-02-16 10:05:00,2026-02-16,10:05,Mañana,Producto A,TO-BE,36.52,86,1.5,0,1.04,Sup-A
2026-02-16 13:36:00,2026-02-16,13:36,Noche,Producto B,TO-BE,45.88,62,5.1,1,0.89,Sup-C
2026-02-16 16:22:00,2026-02-16,16:22,Mañana,Producto B,TO-BE,43.09,71,2.8,0,1.0,Sup-C
2026-02-16 17:21:00,2026-02-16,17:21,Tarde,Producto C,TO-BE,51.11,54,4.4,1,0.99,Sup-D
2026-02-16 17:29:00,2026-02-16,17:29,Mañana,Producto A,TO-BE,40.5,83,3.5,0,1.07,Sup-C
2026-02-16 19:18:00,2026-02-16,19:18,Tarde,Producto B,TO-BE,44.84,72,4.9,0,0.99,Sup-A
2026-02-16 19:47:00,2026-02-16,19:47,Mañana,Producto B,TO-BE,39.64,73,3.4,1,1.05,Sup-A
2026-02-16 21:10:00,2026-02-16,21:10,Noche,Producto A,TO-BE,40.2,69,3.6,0,0.98,Sup-C
2026-02-17 01:14:00,2026-02-17,01:14,Mañana,Producto A,TO-BE,39.29,80,3.7,1,1.04,Sup-C
2026-02-17 01:53:00,2026-02-17,01:53,Mañana,Producto A,TO-BE,36.31,85,1.3,1,1.04,Sup-C
2026-02-17 02:35:00,2026-02-17,02:35,Tarde,Producto B,TO-BE,42.48,83,2.6,0,1.11,Sup-D
2026-02-17 05:48:00,2026-02-17,05:48,Mañana,Producto A,TO-BE,40.44,84,2.8,1,1.06,Sup-A
2026-02-17 07:15:00,2026-02-17,07:15,Mañana,Producto C,TO-BE,45.14,73,1.8,3,1.03,Sup-D
2026-02-17 07:58:00,2026-02-17,07:58,Noche,Producto B,TO-BE,44.37,58,4.5,0,0.9,Sup-D
2026-02-17 08:53:00,2026-02-17,08:53,Noche,Producto A,TO-BE,40.76,73,6.2,0,1.0,Sup-C
2026-02-17 10:06:00,2026-02-17,10:06,Mañana,Producto B,TO-BE,41.28,86,2.0,0,1.05,Sup-C
2026-02-17 10:48:00,2026-02-17,10:48,Noche,Producto C,TO-BE,51.37,69,3.9,2,1.06,Sup-C
2026-02-17 16:26:00,2026-02-17,16:26,Noche,Producto B,TO-BE,42.44,59,3.4,1,0.98,Sup-C
2026-02-17 18:13:00,2026-02-17,18:13,Noche,Producto A,TO-BE,44.81,49,8.4,2,0.88,Sup-C
2026-02-17 19:50:00,2026-02-17,19:50,Tarde,Producto A,TO-BE,38.88,68,2.9,1,1.01,Sup-B
2026-02-17 20:47:00,2026-02-17,20:47,Mañana,Producto C,TO-BE,45.37,77,2.8,0,1.0,Sup-B
2026-02-17 20:59:00,2026-02-17,20:59,Noche,Producto B,TO-BE,46.56,62,5.0,0,0.9,Sup-D
2026-02-17 22:02:00,2026-02-17,22:02,Noche,Producto A,TO-BE,42.69,64,6.3,2,0.96,Sup-D
2026-02-18 00:56:00,2026-02-18,00:56,Tarde,Producto C,TO-BE,53.38,67,2.8,0,0.94,Sup-B
2026-02-18 01:24:00,2026-02-18,01:24,Noche,Producto C,TO-BE,50.05,55,3.9,0,0.97,Sup-C
2026-02-18 02:42:00,2026-02-18,02:42,Noche,Producto A,TO-BE,43.62,58,4.5,1,0.91,Sup-C
2026-02-18 03:05:00,2026-02-18,03:05,Mañana,Producto C,TO-BE,44.26,87,1.8,0,1.08,Sup-A
2026-02-18 03:51:00,2026-02-18,03:51,Mañana,Producto C,TO-BE,48.93,76,1.1,1,1.04,Sup-C
2026-02-18 07:39:00,2026-02-18,07:39,Mañana,Producto A,TO-BE,38.26,88,0.5,0,0.98,Sup-B
2026-02-18 08:21:00,2026-02-18,08:21,Noche,Producto B,TO-BE,47.56,72,5.0,0,0.99,Sup-C
2026-02-18 10:17:00,2026-02-18,10:17,Tarde,Producto C,TO-BE,46.19,63,3.0,0,1.04,Sup-C
2026-02-18 16:47:00,2026-02-18,16:47,Noche,Producto B,TO-BE,43.07,55,6.6,0,0.99,Sup-C
2026-02-18 16:48:00,2026-02-18,16:48,Tarde,Producto B,TO-BE,40.1,76,8.3,1,1.04,Sup-A
2026-02-18 19:44:00,2026-02-18,19:44,Tarde,Producto B,TO-BE,46.42,77,3.0,0,0.99,Sup-D
2026-02-18 20:31:00,2026-02-18,20:31,Tarde,Producto B,TO-BE,42.58,78,4.9,1,1.0,Sup-B
2026-02-18 20:48:00,2026-02-18,20:48,Mañana,Producto B,TO-BE,37.46,96,0.8,0,1.07,Sup-B
2026-02-18 21:10:00,2026-02-18,21:10,Noche,Producto C,TO-BE,50.05,53,5.9,1,0.97,Sup-C
2026-02-18 22:41:00,2026-02-18,22:41,Tarde,Producto B,TO-BE,42.37,96,2.5,3,1.14,Sup-D
2026-02-19 00:45:00,2026-02-19,00:45,Tarde,Producto A,TO-BE,39.05,92,2.1,1,1.1,Sup-A
2026-02-19 03:49:00,2026-02-19,03:49,Noche,Producto B,TO-BE,46.33,67,5.4,1,0.98,Sup-C
2026-02-19 04:46:00,2026-02-19,04:46,Tarde,Producto C,TO-BE,46.93,70,3.6,2,1.03,Sup-C
2026-02-19 04:54:00,2026-02-19,04:54,Noche,Producto B,TO-BE,46.09,58,3.6,0,0.93,Sup-D
2026-02-19 05:13:00,2026-02-19,05:13,Tarde,Producto B,TO-BE,41.66,49,13.3,0,0.98,Sup-B
2026-02-19 05:55:00,2026-02-19,05:55,Noche,Producto A,TO-BE,40.11,50,6.8,2,0.93,Sup-C
2026-02-19 08:07:00,2026-02-19,08:07,Noche,Producto B,TO-BE,47.05,54,6.0,2,0.96,Sup-C
2026-02-19 10:25:00,2026-02-19,10:25,Mañana,Producto C,TO-BE,48.36,76,2.9,2,1.1,Sup-A
2026-02-19 10:48:00,2026-02-19,10:48,Noche,Producto A,TO-BE,42.7,61,4.3,0,0.9,Sup-C
2026-02-19 17:27:00,2026-02-19,17:27,Mañana,Producto B,TO-BE,37.24,84,2.7,1,1.13,Sup-B
2026-02-19 19:59:00,2026-02-19,19:59,Mañana,Producto B,TO-BE,42.2,60,3.3,2,0.93,Sup-D
2026-02-19 20:13:00,2026-02-19,20:13,Mañana,Producto B,TO-BE,39.41,91,2.5,1,1.15,Sup-A
2026-02-19 20:27:00,2026-02-19,20:27,Tarde,Producto A,TO-BE,41.83,64,4.0,0,1.04,Sup-C
2026-02-19 21:54:00,2026-02-19,21:54,Mañana,Producto C,TO-BE,46.43,73,3.9,0,1.06,Sup-D
2026-02-19 23:53:00,2026-02-19,23:53,Mañana,Producto A,TO-BE,35.4,85,4.4,0,1.04,Sup-A
2026-02-20 02:20:00,2026-02-20,02:20,Tarde,Producto A,TO-BE,38.85,62,3.7,0,0.97,Sup-C
2026-02-20 02:48:00,2026-02-20,02:48,Tarde,Producto A,TO-BE,37.56,72,4.1,0,1.08,Sup-A
2026-02-20 04:29:00,2026-02-20,04:29,Mañana,Producto C,TO-BE,46.75,79,2.5,1,1.08,Sup-A
2026-02-20 04:59:00,2026-02-20,04:59,Tarde,Producto B,TO-BE,44.16,79,2.7,0,0.98,Sup-A
2026-02-20 06:37:00,2026-02-20,06:37,Mañana,Producto B,TO-BE,45.82,78,4.6,0,1.05,Sup-D
2026-02-20 07:45:00,2026-02-20,07:45,Noche,Producto B,TO-BE,44.39,63,4.9,1,1.02,Sup-D
2026-02-20 14:47:00,2026-02-20,14:47,Tarde,Producto C,TO-BE,46.43,68,3.4,2,1.01,Sup-C
2026-02-20 15:26:00,2026-02-20,15:26,Tarde,Producto A,TO-BE,42.38,63,2.8,2,0.98,Sup-D
2026-02-20 15:34:00,2026-02-20,15:34,Noche,Producto B,TO-BE,45.94,49,4.6,0,0.92,Sup-C
2026-02-20 17:13:00,2026-02-20,17:13,Tarde,Producto A,TO-BE,39.5,76,3.1,0,0.97,Sup-B
2026-02-20 18:12:00,2026-02-20,18:12,Tarde,Producto B,TO-BE,42.96,77,3.4,2,1.02,Sup-A
2026-02-20 18:14:00,2026-02-20,18:14,Mañana,Producto A,TO-BE,38.71,90,1.0,1,1.04,Sup-A
2026-02-20 18:52:00,2026-02-20,18:52,Mañana,Producto C,TO-BE,49.63,73,0.9,0,0.97,Sup-B
2026-02-20 18:53:00,2026-02-20,18:53,Tarde,Producto A,TO-BE,41.98,74,2.7,0,0.95,Sup-A
2026-02-20 20:31:00,2026-02-20,20:31,Mañana,Producto B,TO-BE,40.34,78,2.4,1,1.13,Sup-B
2026-02-21 00:54:00,2026-02-21,00:54,Noche,Producto A,TO-BE,41.92,62,5.5,3,1.04,Sup-C
2026-02-21 01:17:00,2026-02-21,01:17,Noche,Producto B,TO-BE,42.57,68,7.0,0,1.14,Sup-C
2026-02-21 03:57:00,2026-02-21,03:57,Tarde,Producto A,TO-BE,38.74,80,4.6,1,1.03,Sup-D
2026-02-21 04:20:00,2026-02-21,04:20,Noche,Producto B,TO-BE,45.78,61,7.0,3,0.99,Sup-C
2026-02-21 04:41:00,2026-02-21,04:41,Noche,Producto A,TO-BE,41.99,64,6.4,4,0.99,Sup-C
2026-02-21 05:15:00,2026-02-21,05:15,Mañana,Producto B,TO-BE,38.83,82,1.3,1,1.11,Sup-C
2026-02-21 06:57:00,2026-02-21,06:57,Tarde,Producto A,TO-BE,38.37,75,5.2,0,1.04,Sup-D
2026-02-21 08:21:00,2026-02-21,08:21,Mañana,Producto C,TO-BE,52.34,69,5.7,2,0.99,Sup-D
2026-02-21 08:42:00,2026-02-21,08:42,Mañana,Producto B,TO-BE,45.7,79,4.1,0,1.01,Sup-A
2026-02-21 11:11:00,2026-02-21,11:11,Mañana,Producto A,TO-BE,41.8,82,3.9,0,1.05,Sup-C
2026-02-21 16:38:00,2026-02-21,16:38,Tarde,Producto A,TO-BE,44.54,80,3.3,3,0.92,Sup-C
2026-02-21 18:19:00,2026-02-21,18:19,Tarde,Producto C,TO-BE,52.69,57,5.0,2,1.0,Sup-A
2026-02-21 19:58:00,2026-02-21,19:58,Mañana,Producto A,TO-BE,41.39,92,2.7,1,1.08,Sup-C
2026-02-21 21:30:00,2026-02-21,21:30,Noche,Producto B,TO-BE,47.48,57,4.1,4,1.0,Sup-D
2026-02-21 23:13:00,2026-02-21,23:13,Mañana,Producto A,TO-BE,37.38,81,4.2,0,1.12,Sup-A
2026-02-22 00:22:00,2026-02-22,00:22,Mañana,Producto B,TO-BE,42.17,86,5.0,0,1.09,Sup-D
2026-02-22 02:12:00,2026-02-22,02:12,Tarde,Producto B,TO-BE,45.0,71,4.3,2,1.05,Sup-C
2026-02-22 05:53:00,2026-02-22,05:53,Tarde,Producto C,TO-BE,51.04,65,4.5,1,1.06,Sup-D
2026-02-22 06:04:00,2026-02-22,06:04,Tarde,Producto A,TO-BE,41.95,70,3.9,0,0.95,Sup-C
2026-02-22 10:39:00,2026-02-22,10:39,Mañana,Producto A,TO-BE,37.06,105,5.9,0,1.17,Sup-A
2026-02-22 10:44:00,2026-02-22,10:44,Tarde,Producto A,TO-BE,40.61,71,5.1,1,1.04,Sup-B
2026-02-22 12:34:00,2026-02-22,12:34,Noche,Producto A,TO-BE,42.72,58,5.8,2,0.93,Sup-C
2026-02-22 12:58:00,2026-02-22,12:58,Tarde,Producto B,TO-BE,48.29,77,8.5,4,1.08,Sup-A
2026-02-22 16:39:00,2026-02-22,16:39,Tarde,Producto C,TO-BE,52.04,58,7.9,1,1.03,Sup-D
2026-02-22 17:16:00,2026-02-22,17:16,Tarde,Producto A,TO-BE,37.32,88,6.0,3,1.04,Sup-B
2026-02-22 18:08:00,2026-02-22,18:08,Noche,Producto A,TO-BE,44.08,59,5.5,1,1.01,Sup-C
2026-02-22 18:26:00,2026-02-22,18:26,Mañana,Producto A,TO-BE,36.33,91,2.9,1,1.14,Sup-B
2026-02-22 18:44:00,2026-02-22,18:44,Tarde,Producto B,TO-BE,44.14,79,5.0,1,1.05,Sup-A
2026-02-22 21:32:00,2026-02-22,21:32,Tarde,Producto C,TO-BE,51.36,63,4.5,2,1.0,Sup-B
2026-02-22 22:19:00,2026-02-22,22:19,Mañana,Producto B,TO-BE,45.83,74,2.2,3,0.98,Sup-D
2026-02-23 00:03:00,2026-02-23,00:03,Tarde,Producto A,TO-BE,38.78,72,3.3,1,1.07,Sup-C
2026-02-23 03:42:00,2026-02-23,03:42,Noche,Producto B,TO-BE,47.95,56,4.6,0,0.9,Sup-D
2026-02-23 05:33:00,2026-02-23,05:33,Tarde,Producto A,TO-BE,37.99,89,3.0,1,1.11,Sup-B
2026-02-23 07:08:00,2026-02-23,07:08,Mañana,Producto A,TO-BE,41.81,84,2.9,1,1.06,Sup-B
2026-02-23 09:04:00,2026-02-23,09:04,Mañana,Producto B,TO-BE,43.2,60,11.2,0,1.02,Sup-A
2026-02-23 09:53:00,2026-02-23,09:53,Mañana,Producto A,TO-BE,35.8,94,4.8,0,1.1,Sup-D
2026-02-23 10:30:00,2026-02-23,10:30,Mañana,Producto C,TO-BE,45.89,80,3.5,1,1.04,Sup-B
2026-02-23 10:35:00,2026-02-23,10:35,Mañana,Producto A,TO-BE,38.38,85,3.8,1,1.03,Sup-C
2026-02-23 19:37:00,2026-02-23,19:37,Mañana,Producto B,TO-BE,41.42,80,2.2,0,1.03,Sup-D
2026-02-23 19:41:00,2026-02-23,19:41,Tarde,Producto A,TO-BE,40.92,67,3.5,0,0.97,Sup-B
2026-02-23 20:12:00,2026-02-23,20:12,Mañana,Producto A,TO-BE,39.65,82,7.3,1,1.02,Sup-A
2026-02-23 22:12:00,2026-02-23,22:12,Mañana,Producto A,TO-BE,36.13,76,9.7,0,1.08,Sup-B
2026-02-23 23:04:00,2026-02-23,23:04,Mañana,Producto A,TO-BE,39.01,76,3.8,0,1.0,Sup-A
2026-02-23 23:14:00,2026-02-23,23:14,Mañana,Producto C,TO-BE,46.92,71,5.3,3,1.05,Sup-B
2026-02-23 23:49:00,2026-02-23,23:49,Tarde,Producto B,TO-BE,42.89,63,12.6,0,1.05,Sup-D
2026-02-24 00:50:00,2026-02-24,00:50,Noche,Producto B,TO-BE,43.58,61,10.8,0,1.02,Sup-D
2026-02-24 02:30:00,2026-02-24,02:30,Mañana,Producto B,TO-BE,40.29,85,3.4,3,1.1,Sup-B
2026-02-24 02:49:00,2026-02-24,02:49,Noche,Producto C,TO-BE,48.52,61,5.9,0,1.08,Sup-C
2026-02-24 05:09:00,2026-02-24,05:09,Tarde,Producto C,TO-BE,47.8,62,3.4,3,1.03,Sup-C
2026-02-24 06:46:00,2026-02-24,06:46,Noche,Producto A,TO-BE,43.55,54,4.9,1,0.85,Sup-D
2026-02-24 10:41:00,2026-02-24,10:41,Mañana,Producto B,TO-BE,39.74,77,3.5,1,1.02,Sup-A
2026-02-24 12:45:00,2026-02-24,12:45,Mañana,Producto B,TO-BE,42.42,89,4.7,0,1.15,Sup-A
2026-02-24 13:55:00,2026-02-24,13:55,Mañana,Producto A,TO-BE,37.46,90,2.9,0,1.12,Sup-D
2026-02-24 16:03:00,2026-02-24,16:03,Noche,Producto B,TO-BE,43.45,67,3.0,3,1.04,Sup-D
2026-02-24 16:14:00,2026-02-24,16:14,Noche,Producto B,TO-BE,45.09,64,5.9,0,1.03,Sup-C
2026-02-24 17:10:00,2026-02-24,17:10,Tarde,Producto A,TO-BE,37.94,78,3.7,1,1.0,Sup-A
2026-02-24 18:19:00,2026-02-24,18:19,Mañana,Producto A,TO-BE,38.73,71,9.1,0,1.02,Sup-C
2026-02-24 19:33:00,2026-02-24,19:33,Tarde,Producto B,TO-BE,39.62,77,2.5,3,1.07,Sup-C
2026-02-24 23:25:00,2026-02-24,23:25,Tarde,Producto B,TO-BE,42.23,79,0.0,0,1.05,Sup-D
2026-02-24 23:52:00,2026-02-24,23:52,Mañana,Producto A,TO-BE,38.56,79,1.8,1,0.99,Sup-A
2026-02-25 01:03:00,2026-02-25,01:03,Tarde,Producto B,TO-BE,40.94,82,3.2,0,1.1,Sup-A
2026-02-25 02:57:00,2026-02-25,02:57,Mañana,Producto A,TO-BE,37.1,95,3.4,0,1.14,Sup-D
2026-02-25 05:09:00,2026-02-25,05:09,Tarde,Producto B,TO-BE,42.01,69,3.4,2,0.99,Sup-D
2026-02-25 05:24:00,2026-02-25,05:24,Tarde,Producto A,TO-BE,39.71,73,2.3,2,0.98,Sup-A
2026-02-25 06:31:00,2026-02-25,06:31,Mañana,Producto C,TO-BE,46.96,86,2.3,0,1.12,Sup-D
2026-02-25 09:14:00,2026-02-25,09:14,Noche,Producto B,TO-BE,46.36,65,5.0,2,0.96,Sup-C
2026-02-25 09:14:00,2026-02-25,09:14,Tarde,Producto C,TO-BE,49.1,74,4.2,0,1.01,Sup-B
2026-02-25 12:32:00,2026-02-25,12:32,Noche,Producto A,TO-BE,44.61,42,15.3,0,1.0,Sup-C
2026-02-25 12:49:00,2026-02-25,12:49,Mañana,Producto B,TO-BE,42.63,75,13.4,1,1.11,Sup-C
2026-02-25 13:00:00,2026-02-25,13:00,Noche,Producto B,TO-BE,46.95,59,2.7,2,0.93,Sup-C
2026-02-25 13:39:00,2026-02-25,13:39,Mañana,Producto A,TO-BE,35.41,90,3.0,1,1.08,Sup-A
2026-02-25 15:18:00,2026-02-25,15:18,Tarde,Producto B,TO-BE,42.39,81,3.8,0,1.06,Sup-D
2026-02-25 17:47:00,2026-02-25,17:47,Noche,Producto C,TO-BE,48.9,70,8.1,1,1.07,Sup-C
2026-02-25 20:34:00,2026-02-25,20:34,Tarde,Producto B,TO-BE,46.64,69,3.7,3,1.01,Sup-A
2026-02-25 22:41:00,2026-02-25,22:41,Mañana,Producto B,TO-BE,41.88,88,2.2,0,1.04,Sup-B
2026-02-26 00:50:00,2026-02-26,00:50,Mañana,Producto A,TO-BE,36.83,69,1.3,1,1.01,Sup-A
2026-02-26 02:15:00,2026-02-26,02:15,Tarde,Producto A,TO-BE,39.75,83,1.9,1,1.08,Sup-D
2026-02-26 04:07:00,2026-02-26,04:07,Tarde,Producto A,TO-BE,42.47,57,4.1,0,0.96,Sup-C
2026-02-26 09:37:00,2026-02-26,09:37,Noche,Producto A,TO-BE,41.84,55,5.7,1,0.92,Sup-D
2026-02-26 09:39:00,2026-02-26,09:39,Tarde,Producto B,TO-BE,43.66,65,4.8,2,1.03,Sup-B
2026-02-26 10:20:00,2026-02-26,10:20,Mañana,Producto A,TO-BE,42.04,74,3.7,1,1.05,Sup-A
2026-02-26 11:46:00,2026-02-26,11:46,Mañana,Producto A,TO-BE,37.49,80,8.5,0,1.1,Sup-B
2026-02-26 12:02:00,2026-02-26,12:02,Mañana,Producto C,TO-BE,48.11,72,1.5,3,1.05,Sup-D
2026-02-26 12:30:00,2026-02-26,12:30,Mañana,Producto B,TO-BE,46.24,79,2.5,4,1.1,Sup-D
2026-02-26 12:35:00,2026-02-26,12:35,Mañana,Producto A,TO-BE,36.8,84,2.5,1,1.1,Sup-D
2026-02-26 13:26:00,2026-02-26,13:26,Mañana,Producto A,TO-BE,34.59,84,5.2,2,1.13,Sup-A
2026-02-26 15:45:00,2026-02-26,15:45,Mañana,Producto A,TO-BE,36.2,88,1.7,1,1.03,Sup-B
2026-02-26 16:56:00,2026-02-26,16:56,Tarde,Producto A,TO-BE,39.31,76,1.9,1,1.03,Sup-C
2026-02-26 22:12:00,2026-02-26,22:12,Noche,Producto A,TO-BE,45.61,52,3.8,0,0.85,Sup-D
2026-02-26 23:15:00,2026-02-26,23:15,Noche,Producto C,TO-BE,49.98,46,6.2,0,0.99,Sup-C
2026-02-27 02:49:00,2026-02-27,02:49,Tarde,Producto B,TO-BE,39.87,80,2.7,0,1.05,Sup-B
2026-02-27 04:51:00,2026-02-27,04:51,Noche,Producto A,TO-BE,41.7,72,5.9,1,1.07,Sup-C
2026-02-27 04:59:00,2026-02-27,04:59,Noche,Producto C,TO-BE,52.31,60,4.4,0,0.95,Sup-D
2026-02-27 05:27:00,2026-02-27,05:27,Noche,Producto B,TO-BE,45.41,56,6.2,1,0.98,Sup-C
2026-02-27 08:02:00,2026-02-27,08:02,Mañana,Producto B,TO-BE,40.33,92,1.0,0,1.06,Sup-D
2026-02-27 10:25:00,2026-02-27,10:25,Tarde,Producto B,TO-BE,46.06,76,3.0,2,1.01,Sup-B
2026-02-27 13:23:00,2026-02-27,13:23,Mañana,Producto A,TO-BE,37.52,99,3.5,1,1.08,Sup-C
2026-02-27 13:25:00,2026-02-27,13:25,Noche,Producto C,TO-BE,51.0,42,12.5,3,0.96,Sup-C
2026-02-27 13:59:00,2026-02-27,13:59,Mañana,Producto B,TO-BE,39.73,92,1.7,1,1.09,Sup-B
2026-02-27 15:12:00,2026-02-27,15:12,Tarde,Producto A,TO-BE,39.54,82,5.2,0,1.01,Sup-B
2026-02-27 16:12:00,2026-02-27,16:12,Tarde,Producto A,TO-BE,36.77,79,1.8,1,1.05,Sup-C
2026-02-27 17:40:00,2026-02-27,17:40,Tarde,Producto A,TO-BE,38.64,79,2.5,2,1.04,Sup-B
2026-02-27 20:03:00,2026-02-27,20:03,Tarde,Producto B,TO-BE,45.77,69,4.8,2,1.04,Sup-A
2026-02-27 20:26:00,2026-02-27,20:26,Mañana,Producto C,TO-BE,48.82,78,4.8,4,1.12,Sup-D
2026-02-27 21:59:00,2026-02-27,21:59,Tarde,Producto A,TO-BE,41.9,80,3.5,0,1.01,Sup-B
2026-02-28 02:40:00,2026-02-28,02:40,Mañana,Producto C,TO-BE,49.66,83,2.5,0,1.11,Sup-C
2026-02-28 07:23:00,2026-02-28,07:23,Noche,Producto C,TO-BE,54.08,48,4.7,1,0.93,Sup-D
2026-02-28 08:48:00,2026-02-28,08:48,Tarde,Producto B,TO-BE,45.71,85,3.7,2,1.0,Sup-D
2026-02-28 11:28:00,2026-02-28,11:28,Mañana,Producto B,TO-BE,40.5,73,3.9,1,1.02,Sup-A
2026-02-28 11:57:00,2026-02-28,11:57,Mañana,Producto A,TO-BE,40.67,86,5.6,0,1.04,Sup-C
2026-02-28 11:59:00,2026-02-28,11:59,Tarde,Producto B,TO-BE,46.73,66,5.8,1,0.98,Sup-C
2026-02-28 12:29:00,2026-02-28,12:29,Mañana,Producto B,TO-BE,43.72,81,5.1,1,1.04,Sup-B
2026-02-28 13:02:00,2026-02-28,13:02,Mañana,Producto B,TO-BE,42.9,83,6.5,4,1.1,Sup-B
2026-02-28 13:05:00,2026-02-28,13:05,Mañana,Producto B,TO-BE,41.58,81,4.9,1,1.03,Sup-C
2026-02-28 13:33:00,2026-02-28,13:33,Mañana,Producto B,TO-BE,40.67,92,4.9,2,1.16,Sup-A
2026-02-28 16:08:00,2026-02-28,16:08,Tarde,Producto C,TO-BE,48.34,74,5.7,0,1.01,Sup-A
2026-02-28 18:03:00,2026-02-28,18:03,Tarde,Producto A,TO-BE,41.67,63,4.7,4,0.93,Sup-B
2026-02-28 18:52:00,2026-02-28,18:52,Tarde,Producto C,TO-BE,50.31,59,4.2,2,1.02,Sup-D
2026-02-28 20:58:00,2026-02-28,20:58,Noche,Producto C,TO-BE,50.92,48,7.5,1,1.04,Sup-D
2026-02-28 22:04:00,2026-02-28,22:04,Mañana,Producto B,TO-BE,46.01,52,13.6,0,1.05,Sup-C
2026-03-01 01:06:00,2026-03-01,01:06,Tarde,Producto B,TO-BE,44.43,70,4.4,1,0.97,Sup-A
2026-03-01 01:43:00,2026-03-01,01:43,Mañana,Producto A,TO-BE,40.18,63,10.9,0,1.07,Sup-A
2026-03-01 03:23:00,2026-03-01,03:23,Noche,Producto B,TO-BE,49.08,44,7.5,0,0.91,Sup-D
2026-03-01 03:59:00,2026-03-01,03:59,Tarde,Producto C,TO-BE,49.02,74,6.5,3,1.14,Sup-D
2026-03-01 04:52:00,2026-03-01,04:52,Mañana,Producto C,TO-BE,50.15,66,11.2,0,1.1,Sup-C
2026-03-01 08:43:00,2026-03-01,08:43,Mañana,Producto A,TO-BE,40.23,75,10.4,2,1.07,Sup-A
2026-03-01 08:55:00,2026-03-01,08:55,Noche,Producto B,TO-BE,46.86,41,7.7,1,0.97,Sup-C
2026-03-01 08:58:00,2026-03-01,08:58,Mañana,Producto A,TO-BE,42.2,68,7.4,0,1.03,Sup-A
2026-03-01 09:18:00,2026-03-01,09:18,Mañana,Producto B,TO-BE,43.06,73,1.4,1,1.03,Sup-C
2026-03-01 12:10:00,2026-03-01,12:10,Mañana,Producto A,TO-BE,39.64,87,3.5,0,1.09,Sup-C
2026-03-01 16:32:00,2026-03-01,16:32,Noche,Producto A,TO-BE,42.0,60,6.6,0,0.95,Sup-D
2026-03-01 16:37:00,2026-03-01,16:37,Noche,Producto B,TO-BE,45.79,64,4.4,2,0.96,Sup-C
2026-03-01 19:33:00,2026-03-01,19:33,Mañana,Producto B,TO-BE,42.89,91,3.8,2,1.09,Sup-B
2026-03-01 21:00:00,2026-03-01,21:00,Noche,Producto B,TO-BE,50.86,82,6.4,0,1.0,Sup-C
2026-03-01 23:39:00,2026-03-01,23:39,Tarde,Producto A,TO-BE,37.24,79,4.7,1,1.12,Sup-B
2026-03-02 02:48:00,2026-03-02,02:48,Mañana,Producto B,TO-BE,40.38,83,3.1,0,1.02,Sup-D
2026-03-02 03:09:00,2026-03-02,03:09,Noche,Producto A,TO-BE,40.48,69,6.3,2,0.99,Sup-C
2026-03-02 03:37:00,2026-03-02,03:37,Mañana,Producto A,TO-BE,36.5,88,2.5,0,1.09,Sup-D
2026-03-02 04:40:00,2026-03-02,04:40,Mañana,Producto B,TO-BE,42.84,72,2.3,4,1.0,Sup-B
2026-03-02 05:04:00,2026-03-02,05:04,Noche,Producto C,TO-BE,54.94,57,5.7,1,0.92,Sup-C
2026-03-02 06:33:00,2026-03-02,06:33,Tarde,Producto B,TO-BE,43.89,74,4.8,1,1.0,Sup-B
2026-03-02 06:37:00,2026-03-02,06:37,Noche,Producto A,TO-BE,43.43,67,4.5,1,0.95,Sup-D
2026-03-02 09:13:00,2026-03-02,09:13,Tarde,Producto B,TO-BE,45.82,58,5.1,0,0.92,Sup-A
2026-03-02 12:04:00,2026-03-02,12:04,Noche,Producto C,TO-BE,52.17,38,5.9,0,0.92,Sup-C
2026-03-02 16:23:00,2026-03-02,16:23,Noche,Producto A,TO-BE,43.31,51,4.6,0,0.87,Sup-C
2026-03-02 18:58:00,2026-03-02,18:58,Tarde,Producto B,TO-BE,44.91,78,3.5,3,1.0,Sup-C
2026-03-02 19:36:00,2026-03-02,19:36,Tarde,Producto C,TO-BE,49.11,80,2.6,2,1.07,Sup-A
2026-03-02 22:43:00,2026-03-02,22:43,Mañana,Producto C,TO-BE,51.18,65,3.6,0,1.0,Sup-C
2026-03-02 23:33:00,2026-03-02,23:33,Mañana,Producto A,TO-BE,38.13,87,2.9,1,1.06,Sup-C
2026-03-02 23:49:00,2026-03-02,23:49,Tarde,Producto A,TO-BE,39.41,81,5.9,0,1.04,Sup-A
2026-03-03 00:21:00,2026-03-03,00:21,Tarde,Producto B,TO-BE,40.75,86,0.4,0,1.03,Sup-A
2026-03-03 01:14:00,2026-03-03,01:14,Mañana,Producto A,TO-BE,33.71,95,1.4,0,1.21,Sup-A
2026-03-03 01:14:00,2026-03-03,01:14,Tarde,Producto A,TO-BE,38.97,80,2.9,1,1.07,Sup-C
2026-03-03 02:08:00,2026-03-03,02:08,Tarde,Producto B,TO-BE,44.18,70,4.1,1,1.0,Sup-B
2026-03-03 03:23:00,2026-03-03,03:23,Mañana,Producto C,TO-BE,49.65,74,2.4,1,1.09,Sup-A
2026-03-03 03:54:00,2026-03-03,03:54,Tarde,Producto A,TO-BE,37.56,90,2.7,0,1.05,Sup-A
2026-03-03 07:22:00,2026-03-03,07:22,Noche,Producto A,TO-BE,42.03,56,5.5,1,1.01,Sup-C
2026-03-03 08:48:00,2026-03-03,08:48,Tarde,Producto A,TO-BE,39.92,71,6.3,2,0.99,Sup-B
2026-03-03 09:20:00,2026-03-03,09:20,Tarde,Producto A,TO-BE,35.49,82,3.8,0,1.03,Sup-C
2026-03-03 10:23:00,2026-03-03,10:23,Tarde,Producto A,TO-BE,37.34,77,4.6,0,1.02,Sup-C
2026-03-03 14:56:00,2026-03-03,14:56,Tarde,Producto A,TO-BE,38.52,85,4.7,0,1.1,Sup-D
2026-03-03 15:07:00,2026-03-03,15:07,Noche,Producto A,TO-BE,39.71,59,3.2,0,1.03,Sup-C
2026-03-03 15:35:00,2026-03-03,15:35,Mañana,Producto A,TO-BE,37.07,82,1.9,3,1.0,Sup-A
2026-03-03 19:41:00,2026-03-03,19:41,Tarde,Producto C,TO-BE,51.21,69,4.0,1,1.02,Sup-D
2026-03-03 22:26:00,2026-03-03,22:26,Mañana,Producto A,TO-BE,36.74,88,2.6,0,1.07,Sup-D
2026-03-04 01:09:00,2026-03-04,01:09,Mañana,Producto A,TO-BE,37.58,78,1.9,0,1.05,Sup-A
2026-03-04 01:58:00,2026-03-04,01:58,Noche,Producto A,TO-BE,41.62,67,5.7,0,1.03,Sup-D
2026-03-04 05:37:00,2026-03-04,05:37,Tarde,Producto C,TO-BE,48.69,60,3.6,1,0.99,Sup-A
2026-03-04 06:22:00,2026-03-04,06:22,Tarde,Producto C,TO-BE,50.84,72,4.0,1,0.98,Sup-B
2026-03-04 07:45:00,2026-03-04,07:45,Noche,Producto B,TO-BE,42.95,59,6.1,1,1.01,Sup-C
2026-03-04 09:31:00,2026-03-04,09:31,Mañana,Producto C,TO-BE,43.83,75,9.4,1,1.17,Sup-A
2026-03-04 10:46:00,2026-03-04,10:46,Tarde,Producto A,TO-BE,39.56,80,4.7,0,1.11,Sup-A
2026-03-04 13:49:00,2026-03-04,13:49,Mañana,Producto B,TO-BE,41.43,92,3.0,0,1.19,Sup-B
2026-03-04 14:18:00,2026-03-04,14:18,Tarde,Producto C,TO-BE,48.38,87,3.8,0,1.14,Sup-D
2026-03-04 14:53:00,2026-03-04,14:53,Noche,Producto A,TO-BE,38.86,77,6.2,2,1.04,Sup-C
2026-03-04 16:32:00,2026-03-04,16:32,Tarde,Producto C,TO-BE,47.49,76,1.6,1,1.06,Sup-C
2026-03-04 19:22:00,2026-03-04,19:22,Tarde,Producto A,TO-BE,36.96,78,1.6,0,1.03,Sup-C
2026-03-04 20:19:00,2026-03-04,20:19,Mañana,Producto A,TO-BE,35.25,85,1.5,0,1.06,Sup-A
2026-03-04 21:11:00,2026-03-04,21:11,Tarde,Producto A,TO-BE,39.99,60,4.5,0,0.98,Sup-C
2026-03-04 22:05:00,2026-03-04,22:05,Mañana,Producto C,TO-BE,45.59,81,3.0,0,1.1,Sup-A
2026-03-05 00:08:00,2026-03-05,00:08,Tarde,Producto B,TO-BE,46.01,62,12.6,0,1.04,Sup-A
2026-03-05 03:53:00,2026-03-05,03:53,Mañana,Producto B,TO-BE,38.8,75,9.1,1,1.1,Sup-C
2026-03-05 05:17:00,2026-03-05,05:17,Mañana,Producto A,TO-BE,38.77,72,0.8,2,0.93,Sup-A
2026-03-05 06:14:00,2026-03-05,06:14,Mañana,Producto A,TO-BE,35.42,92,3.2,0,1.06,Sup-C
2026-03-05 06:15:00,2026-03-05,06:15,Mañana,Producto C,TO-BE,45.39,81,2.8,4,1.05,Sup-D
2026-03-05 08:28:00,2026-03-05,08:28,Mañana,Producto A,TO-BE,40.03,90,3.3,0,1.11,Sup-A
2026-03-05 10:26:00,2026-03-05,10:26,Mañana,Producto A,TO-BE,39.56,97,3.9,0,1.11,Sup-B
2026-03-05 10:30:00,2026-03-05,10:30,Mañana,Producto C,TO-BE,47.63,82,3.1,1,1.1,Sup-A
2026-03-05 11:31:00,2026-03-05,11:31,Tarde,Producto B,TO-BE,45.22,78,5.1,1,0.98,Sup-B
2026-03-05 11:55:00,2026-03-05,11:55,Mañana,Producto B,TO-BE,41.86,86,2.3,1,1.1,Sup-C
2026-03-05 14:43:00,2026-03-05,14:43,Noche,Producto A,TO-BE,42.22,62,6.8,1,0.96,Sup-C
2026-03-05 14:58:00,2026-03-05,14:58,Mañana,Producto B,TO-BE,36.1,78,3.3,0,1.06,Sup-D
2026-03-05 19:28:00,2026-03-05,19:28,Tarde,Producto A,TO-BE,35.96,80,2.9,0,0.99,Sup-D
2026-03-05 21:38:00,2026-03-05,21:38,Tarde,Producto C,TO-BE,51.59,52,10.1,1,0.99,Sup-C
2026-03-05 22:48:00,2026-03-05,22:48,Tarde,Producto B,TO-BE,39.72,69,6.1,2,0.99,Sup-D
2026-03-06 03:44:00,2026-03-06,03:44,Tarde,Producto A,TO-BE,43.02,76,2.0,0,0.98,Sup-B
2026-03-06 04:52:00,2026-03-06,04:52,Mañana,Producto B,TO-BE,43.94,66,12.0,2,1.09,Sup-D
2026-03-06 07:08:00,2026-03-06,07:08,Noche,Producto B,TO-BE,45.76,80,4.5,0,1.03,Sup-D
2026-03-06 07:21:00,2026-03-06,07:21,Tarde,Producto B,TO-BE,43.99,82,3.7,1,1.06,Sup-A
2026-03-06 11:13:00,2026-03-06,11:13,Mañana,Producto A,TO-BE,38.67,87,2.9,0,1.1,Sup-D
2026-03-06 12:06:00,2026-03-06,12:06,Tarde,Producto C,TO-BE,48.81,71,5.7,3,1.04,Sup-C
2026-03-06 15:33:00,2026-03-06,15:33,Tarde,Producto B,TO-BE,48.88,68,3.3,1,0.93,Sup-A
2026-03-06 17:20:00,2026-03-06,17:20,Mañana,Producto C,TO-BE,48.33,70,3.6,0,1.02,Sup-C
2026-03-06 18:14:00,2026-03-06,18:14,Tarde,Producto A,TO-BE,37.97,90,2.9,0,1.04,Sup-D
2026-03-06 19:43:00,2026-03-06,19:43,Mañana,Producto A,TO-BE,40.99,94,1.5,2,1.07,Sup-A
2026-03-06 20:12:00,2026-03-06,20:12,Noche,Producto A,TO-BE,42.0,71,4.8,1,1.0,Sup-C
2026-03-06 21:24:00,2026-03-06,21:24,Mañana,Producto B,TO-BE,41.13,95,2.5,1,1.16,Sup-B
2026-03-06 22:51:00,2026-03-06,22:51,Mañana,Producto B,TO-BE,43.6,89,3.6,1,1.1,Sup-C
2026-03-06 23:25:00,2026-03-06,23:25,Mañana,Producto B,TO-BE,45.88,86,4.3,1,1.07,Sup-B
2026-03-06 23:31:00,2026-03-06,23:31,Tarde,Producto A,TO-BE,41.51,67,6.4,0,0.95,Sup-A
2026-03-07 01:45:00,2026-03-07,01:45,Tarde,Producto C,TO-BE,50.94,66,6.0,0,1.03,Sup-C
2026-03-07 04:00:00,2026-03-07,04:00,Mañana,Producto B,TO-BE,39.25,89,2.8,0,1.13,Sup-C
2026-03-07 04:51:00,2026-03-07,04:51,Mañana,Producto B,TO-BE,43.28,68,6.0,1,1.05,Sup-B
2026-03-07 07:35:00,2026-03-07,07:35,Tarde,Producto B,TO-BE,47.23,75,3.0,1,1.04,Sup-B
2026-03-07 07:41:00,2026-03-07,07:41,Mañana,Producto A,TO-BE,37.78,85,8.2,0,1.07,Sup-B
2026-03-07 08:04:00,2026-03-07,08:04,Noche,Producto B,TO-BE,46.92,57,11.8,2,0.93,Sup-C
2026-03-07 12:07:00,2026-03-07,12:07,Mañana,Producto B,TO-BE,39.84,83,3.6,0,1.06,Sup-D
2026-03-07 15:26:00,2026-03-07,15:26,Tarde,Producto B,TO-BE,42.95,66,3.4,0,0.99,Sup-D
2026-03-07 15:30:00,2026-03-07,15:30,Mañana,Producto C,TO-BE,45.71,86,4.8,2,1.12,Sup-A
2026-03-07 15:49:00,2026-03-07,15:49,Mañana,Producto A,TO-BE,37.44,89,2.8,0,1.15,Sup-A
2026-03-07 16:34:00,2026-03-07,16:34,Mañana,Producto B,TO-BE,45.24,64,5.1,2,0.96,Sup-B
2026-03-07 19:18:00,2026-03-07,19:18,Noche,Producto A,TO-BE,39.06,59,4.5,0,0.99,Sup-C
2026-03-07 21:57:00,2026-03-07,21:57,Mañana,Producto A,TO-BE,38.82,75,5.2,1,1.12,Sup-A
2026-03-07 23:19:00,2026-03-07,23:19,Mañana,Producto C,TO-BE,49.78,94,5.0,0,1.16,Sup-D
2026-03-07 23:58:00,2026-03-07,23:58,Mañana,Producto B,TO-BE,43.8,84,4.6,2,1.1,Sup-D
2026-03-08 01:20:00,2026-03-08,01:20,Mañana,Producto C,TO-BE,46.8,63,5.2,1,1.13,Sup-C
2026-03-08 03:11:00,2026-03-08,03:11,Tarde,Producto A,TO-BE,42.71,63,9.0,0,1.03,Sup-A
2026-03-08 03:52:00,2026-03-08,03:52,Noche,Producto B,TO-BE,46.08,51,6.1,2,0.99,Sup-D
2026-03-08 07:04:00,2026-03-08,07:04,Tarde,Producto C,TO-BE,48.82,71,6.0,1,1.04,Sup-C
2026-03-08 07:17:00,2026-03-08,07:17,Mañana,Producto B,TO-BE,40.29,74,8.7,0,1.11,Sup-C
2026-03-08 08:14:00,2026-03-08,08:14,Noche,Producto B,TO-BE,43.46,61,5.9,1,1.04,Sup-D
2026-03-08 08:52:00,2026-03-08,08:52,Tarde,Producto C,TO-BE,49.71,74,4.4,2,1.06,Sup-B
2026-03-08 09:53:00,2026-03-08,09:53,Mañana,Producto A,TO-BE,40.41,92,3.7,0,1.04,Sup-C
2026-03-08 11:32:00,2026-03-08,11:32,Mañana,Producto B,TO-BE,41.42,69,3.6,1,0.97,Sup-D
2026-03-08 13:21:00,2026-03-08,13:21,Noche,Producto B,TO-BE,42.43,69,3.3,0,1.03,Sup-C
2026-03-08 13:46:00,2026-03-08,13:46,Noche,Producto B,TO-BE,49.22,55,6.1,0,0.98,Sup-C
2026-03-08 13:52:00,2026-03-08,13:52,Tarde,Producto A,TO-BE,39.01,81,5.0,0,1.04,Sup-B
2026-03-08 14:12:00,2026-03-08,14:12,Noche,Producto A,TO-BE,49.55,54,7.6,1,0.87,Sup-D
2026-03-08 14:37:00,2026-03-08,14:37,Tarde,Producto A,TO-BE,41.43,75,5.6,1,1.04,Sup-A
2026-03-08 16:31:00,2026-03-08,16:31,Noche,Producto A,TO-BE,39.69,63,5.5,3,1.03,Sup-D
2026-03-09 00:43:00,2026-03-09,00:43,Tarde,Producto C,TO-BE,51.85,64,12.2,0,1.04,Sup-A
2026-03-09 02:50:00,2026-03-09,02:50,Tarde,Producto A,TO-BE,40.7,79,2.4,0,1.06,Sup-D
2026-03-09 02:57:00,2026-03-09,02:57,Mañana,Producto A,TO-BE,34.83,92,2.3,0,1.05,Sup-C
2026-03-09 05:30:00,2026-03-09,05:30,Tarde,Producto B,TO-BE,42.97,82,2.7,0,1.03,Sup-D
2026-03-09 05:43:00,2026-03-09,05:43,Mañana,Producto B,TO-BE,44.28,74,4.0,0,1.06,Sup-B
2026-03-09 07:41:00,2026-03-09,07:41,Tarde,Producto A,TO-BE,37.74,71,3.9,3,0.98,Sup-A
2026-03-09 08:55:00,2026-03-09,08:55,Mañana,Producto B,TO-BE,41.51,89,3.5,2,1.13,Sup-C
2026-03-09 09:19:00,2026-03-09,09:19,Mañana,Producto C,TO-BE,47.97,74,2.3,0,1.08,Sup-C
2026-03-09 13:02:00,2026-03-09,13:02,Noche,Producto B,TO-BE,48.21,67,4.8,0,1.04,Sup-C
2026-03-09 13:33:00,2026-03-09,13:33,Mañana,Producto A,TO-BE,38.79,94,3.4,1,1.15,Sup-B
2026-03-09 14:07:00,2026-03-09,14:07,Mañana,Producto B,TO-BE,40.47,77,1.8,1,1.09,Sup-A
2026-03-09 15:08:00,2026-03-09,15:08,Mañana,Producto C,TO-BE,43.16,87,3.4,2,1.21,Sup-C
2026-03-09 16:16:00,2026-03-09,16:16,Noche,Producto B,TO-BE,44.96,64,6.0,0,1.0,Sup-D
2026-03-09 17:34:00,2026-03-09,17:34,Mañana,Producto A,TO-BE,35.61,97,2.1,2,1.22,Sup-A
2026-03-09 19:40:00,2026-03-09,19:40,Mañana,Producto B,TO-BE,42.19,76,2.8,2,1.03,Sup-B
2026-03-10 00:12:00,2026-03-10,00:12,Tarde,Producto B,TO-BE,41.01,73,2.5,0,1.1,Sup-B
2026-03-10 00:15:00,2026-03-10,00:15,Tarde,Producto B,TO-BE,42.21,68,5.4,0,0.99,Sup-B
2026-03-10 00:20:00,2026-03-10,00:20,Mañana,Producto B,TO-BE,42.91,86,3.3,2,1.1,Sup-B
2026-03-10 00:36:00,2026-03-10,00:36,Mañana,Producto B,TO-BE,39.62,86,4.0,1,1.13,Sup-A
2026-03-10 03:23:00,2026-03-10,03:23,Mañana,Producto A,TO-BE,35.57,96,2.5,2,1.08,Sup-D
2026-03-10 04:13:00,2026-03-10,04:13,Tarde,Producto B,TO-BE,43.1,76,2.4,2,1.04,Sup-A
2026-03-10 04:30:00,2026-03-10,04:30,Noche,Producto B,TO-BE,46.49,48,12.1,2,0.97,Sup-D
2026-03-10 05:34:00,2026-03-10,05:34,Tarde,Producto B,TO-BE,42.8,83,5.1,2,1.05,Sup-C
2026-03-10 07:15:00,2026-03-10,07:15,Tarde,Producto B,TO-BE,46.2,71,5.4,0,0.98,Sup-D
2026-03-10 09:13:00,2026-03-10,09:13,Tarde,Producto B,TO-BE,43.82,68,4.4,0,0.9,Sup-C
2026-03-10 09:49:00,2026-03-10,09:49,Noche,Producto B,TO-BE,44.42,76,5.0,0,1.06,Sup-C
2026-03-10 10:56:00,2026-03-10,10:56,Mañana,Producto B,TO-BE,42.18,84,3.3,2,1.12,Sup-D
2026-03-10 10:58:00,2026-03-10,10:58,Noche,Producto B,TO-BE,44.48,55,6.3,2,0.99,Sup-D
2026-03-10 17:54:00,2026-03-10,17:54,Noche,Producto A,TO-BE,40.94,79,3.8,3,1.01,Sup-C
2026-03-10 22:36:00,2026-03-10,22:36,Mañana,Producto A,TO-BE,38.65,65,10.0,1,1.09,Sup-C
2026-03-11 03:20:00,2026-03-11,03:20,Noche,Producto B,TO-BE,44.33,68,4.0,0,1.07,Sup-C
2026-03-11 04:07:00,2026-03-11,04:07,Tarde,Producto A,TO-BE,39.85,81,3.8,2,0.97,Sup-A
2026-03-11 05:29:00,2026-03-11,05:29,Noche,Producto C,TO-BE,49.52,45,9.6,0,0.97,Sup-C
2026-03-11 06:03:00,2026-03-11,06:03,Tarde,Producto A,TO-BE,38.04,77,3.8,1,0.98,Sup-B
2026-03-11 07:42:00,2026-03-11,07:42,Tarde,Producto B,TO-BE,42.26,71,3.6,1,1.06,Sup-A
2026-03-11 09:32:00,2026-03-11,09:32,Tarde,Producto C,TO-BE,49.23,77,5.0,0,0.98,Sup-D
2026-03-11 10:28:00,2026-03-11,10:28,Tarde,Producto B,TO-BE,42.47,73,3.0,1,1.01,Sup-C
2026-03-11 11:31:00,2026-03-11,11:31,Mañana,Producto A,TO-BE,35.97,91,2.4,0,1.06,Sup-D
2026-03-11 11:42:00,2026-03-11,11:42,Tarde,Producto B,TO-BE,38.58,72,2.4,0,1.09,Sup-C
2026-03-11 12:13:00,2026-03-11,12:13,Tarde,Producto C,TO-BE,50.17,71,3.7,0,1.01,Sup-A
2026-03-11 12:14:00,2026-03-11,12:14,Tarde,Producto B,TO-BE,41.29,75,4.4,1,1.01,Sup-D
2026-03-11 14:58:00,2026-03-11,14:58,Mañana,Producto A,TO-BE,39.73,83,2.7,0,1.06,Sup-C
2026-03-11 20:36:00,2026-03-11,20:36,Noche,Producto B,TO-BE,49.22,72,2.8,2,1.01,Sup-D
2026-03-11 20:41:00,2026-03-11,20:41,Tarde,Producto C,TO-BE,48.63,75,4.0,0,1.13,Sup-B
2026-03-11 23:18:00,2026-03-11,23:18,Tarde,Producto C,TO-BE,50.91,64,4.3,0,0.96,Sup-B
2026-03-12 00:22:00,2026-03-12,00:22,Noche,Producto B,TO-BE,43.12,66,4.0,0,1.05,Sup-D
2026-03-12 01:09:00,2026-03-12,01:09,Noche,Producto B,TO-BE,42.42,66,4.7,1,1.06,Sup-D
2026-03-12 01:11:00,2026-03-12,01:11,Noche,Producto A,TO-BE,41.96,45,12.3,1,0.96,Sup-D
2026-03-12 03:53:00,2026-03-12,03:53,Noche,Producto B,TO-BE,46.55,70,4.1,4,1.02,Sup-C
2026-03-12 05:07:00,2026-03-12,05:07,Noche,Producto B,TO-BE,46.65,57,5.3,1,0.93,Sup-C
2026-03-12 07:22:00,2026-03-12,07:22,Noche,Producto B,TO-BE,40.85,66,5.1,1,1.09,Sup-C
2026-03-12 09:59:00,2026-03-12,09:59,Noche,Producto A,TO-BE,41.47,83,3.7,1,1.06,Sup-D
2026-03-12 10:57:00,2026-03-12,10:57,Noche,Producto A,TO-BE,41.35,67,1.8,2,0.93,Sup-D
2026-03-12 12:30:00,2026-03-12,12:30,Noche,Producto C,TO-BE,54.55,52,3.9,0,0.9,Sup-C
2026-03-12 13:49:00,2026-03-12,13:49,Tarde,Producto C,TO-BE,49.41,62,5.2,2,1.03,Sup-A
2026-03-12 15:30:00,2026-03-12,15:30,Tarde,Producto A,TO-BE,38.32,79,4.9,0,1.01,Sup-A
2026-03-12 21:44:00,2026-03-12,21:44,Mañana,Producto C,TO-BE,48.7,59,11.3,0,0.99,Sup-B
2026-03-12 22:11:00,2026-03-12,22:11,Tarde,Producto C,TO-BE,49.01,73,2.3,0,1.12,Sup-D
2026-03-12 22:14:00,2026-03-12,22:14,Mañana,Producto B,TO-BE,40.95,77,4.5,0,1.04,Sup-D
2026-03-12 23:02:00,2026-03-12,23:02,Mañana,Producto B,TO-BE,44.24,83,3.6,0,1.04,Sup-C
2026-03-13 01:16:00,2026-03-13,01:16,Tarde,Producto A,TO-BE,38.09,77,5.0,1,1.06,Sup-A
2026-03-13 02:53:00,2026-03-13,02:53,Tarde,Producto B,TO-BE,48.18,60,14.6,0,0.99,Sup-D
2026-03-13 04:01:00,2026-03-13,04:01,Tarde,Producto B,TO-BE,42.06,77,4.0,0,1.0,Sup-A
2026-03-13 06:01:00,2026-03-13,06:01,Tarde,Producto C,TO-BE,48.09,81,3.6,0,1.02,Sup-A
2026-03-13 09:49:00,2026-03-13,09:49,Mañana,Producto B,TO-BE,42.71,82,1.9,2,1.08,Sup-A
2026-03-13 14:02:00,2026-03-13,14:02,Tarde,Producto A,TO-BE,41.24,83,3.7,0,1.11,Sup-A
2026-03-13 15:06:00,2026-03-13,15:06,Mañana,Producto A,TO-BE,37.43,86,1.7,0,1.06,Sup-B
2026-03-13 15:28:00,2026-03-13,15:28,Tarde,Producto A,TO-BE,41.17,64,14.1,1,1.1,Sup-A
2026-03-13 15:55:00,2026-03-13,15:55,Tarde,Producto B,TO-BE,43.24,70,3.2,1,0.97,Sup-D
2026-03-13 17:32:00,2026-03-13,17:32,Tarde,Producto A,TO-BE,38.57,70,5.3,0,1.01,Sup-C
2026-03-13 18:25:00,2026-03-13,18:25,Mañana,Producto A,TO-BE,38.06,92,2.4,1,1.06,Sup-A
2026-03-13 19:08:00,2026-03-13,19:08,Noche,Producto A,TO-BE,46.99,54,5.5,1,0.93,Sup-C
2026-03-13 20:58:00,2026-03-13,20:58,Mañana,Producto A,TO-BE,38.08,80,6.2,1,1.05,Sup-A
2026-03-13 21:52:00,2026-03-13,21:52,Tarde,Producto B,TO-BE,41.09,76,4.5,1,1.03,Sup-C
2026-03-13 22:36:00,2026-03-13,22:36,Tarde,Producto A,TO-BE,34.7,88,2.5,0,1.07,Sup-A
2026-03-14 00:03:00,2026-03-14,00:03,Mañana,Producto A,TO-BE,38.11,86,5.5,1,1.11,Sup-C
2026-03-14 00:32:00,2026-03-14,00:32,Mañana,Producto B,TO-BE,43.23,86,4.6,1,1.11,Sup-C
2026-03-14 01:15:00,2026-03-14,01:15,Mañana,Producto C,TO-BE,47.54,82,1.9,1,1.09,Sup-B
2026-03-14 02:39:00,2026-03-14,02:39,Tarde,Producto A,TO-BE,41.86,71,7.1,1,0.99,Sup-C
2026-03-14 05:46:00,2026-03-14,05:46,Noche,Producto B,TO-BE,44.89,62,6.5,0,1.02,Sup-D
2026-03-14 06:41:00,2026-03-14,06:41,Noche,Producto B,TO-BE,47.62,72,6.1,1,1.07,Sup-C
2026-03-14 09:58:00,2026-03-14,09:58,Tarde,Producto A,TO-BE,42.24,77,7.0,0,1.0,Sup-C
2026-03-14 13:04:00,2026-03-14,13:04,Mañana,Producto B,TO-BE,39.65,98,3.0,3,1.1,Sup-D
2026-03-14 16:46:00,2026-03-14,16:46,Mañana,Producto A,TO-BE,37.88,81,3.8,0,1.05,Sup-A
2026-03-14 19:00:00,2026-03-14,19:00,Tarde,Producto A,TO-BE,43.09,78,4.7,0,1.01,Sup-C
2026-03-14 20:20:00,2026-03-14,20:20,Mañana,Producto C,TO-BE,48.17,80,4.3,1,1.1,Sup-C
2026-03-14 20:58:00,2026-03-14,20:58,Mañana,Producto B,TO-BE,37.78,86,6.0,0,1.13,Sup-B
2026-03-14 21:07:00,2026-03-14,21:07,Mañana,Producto C,TO-BE,49.12,68,3.9,2,1.0,Sup-A
2026-03-14 22:38:00,2026-03-14,22:38,Tarde,Producto C,TO-BE,48.37,76,2.8,0,1.1,Sup-B
2026-03-14 23:01:00,2026-03-14,23:01,Noche,Producto B,TO-BE,43.26,57,8.0,1,0.93,Sup-C
2026-03-15 01:02:00,2026-03-15,01:02,Tarde,Producto B,TO-BE,46.11,64,10.1,1,1.03,Sup-C
2026-03-15 01:17:00,2026-03-15,01:17,Mañana,Producto B,TO-BE,45.44,80,2.3,1,1.05,Sup-A
2026-03-15 04:21:00,2026-03-15,04:21,Mañana,Producto B,TO-BE,40.88,95,3.2,0,1.13,Sup-D
2026-03-15 05:50:00,2026-03-15,05:50,Tarde,Producto B,TO-BE,43.82,70,4.3,4,0.99,Sup-B
2026-03-15 07:14:00,2026-03-15,07:14,Tarde,Producto A,TO-BE,40.02,75,4.9,0,1.05,Sup-D
2026-03-15 08:59:00,2026-03-15,08:59,Tarde,Producto B,TO-BE,43.99,71,5.7,3,1.03,Sup-D
2026-03-15 10:09:00,2026-03-15,10:09,Tarde,Producto C,TO-BE,51.63,61,4.4,0,0.97,Sup-B
2026-03-15 11:35:00,2026-03-15,11:35,Tarde,Producto C,TO-BE,52.28,60,4.1,1,0.99,Sup-B
2026-03-15 13:32:00,2026-03-15,13:32,Tarde,Producto A,TO-BE,38.32,78,3.6,1,1.0,Sup-C
2026-03-15 13:43:00,2026-03-15,13:43,Noche,Producto B,TO-BE,46.87,46,15.9,0,1.01,Sup-D
2026-03-15 14:50:00,2026-03-15,14:50,Tarde,Producto B,TO-BE,47.26,69,4.8,0,1.08,Sup-B
2026-03-15 16:30:00,2026-03-15,16:30,Noche,Producto B,TO-BE,46.85,66,6.8,0,0.98,Sup-D
2026-03-15 17:26:00,2026-03-15,17:26,Tarde,Producto B,TO-BE,43.52,80,2.2,0,1.1,Sup-A
2026-03-15 20:56:00,2026-03-15,20:56,Tarde,Producto B,TO-BE,44.88,56,13.2,0,1.11,Sup-C
2026-03-15 21:11:00,2026-03-15,21:11,Noche,Producto C,TO-BE,51.44,55,6.8,0,0.99,Sup-D
2026-03-16 00:10:00,2026-03-16,00:10,Mañana,Producto A,TO-BE,35.48,77,4.8,1,1.05,Sup-C
2026-03-16 00:27:00,2026-03-16,00:27,Tarde,Producto C,TO-BE,51.98,76,4.6,1,1.13,Sup-C
2026-03-16 00:32:00,2026-03-16,00:32,Noche,Producto A,TO-BE,41.67,62,2.3,2,0.97,Sup-D
2026-03-16 06:22:00,2026-03-16,06:22,Noche,Producto B,TO-BE,44.66,60,2.7,2,0.93,Sup-D
2026-03-16 08:00:00,2026-03-16,08:00,Mañana,Producto A,TO-BE,38.47,79,3.5,0,1.11,Sup-C
2026-03-16 08:08:00,2026-03-16,08:08,Tarde,Producto B,TO-BE,43.0,64,3.6,0,1.01,Sup-A
2026-03-16 12:44:00,2026-03-16,12:44,Mañana,Producto A,TO-BE,36.27,84,2.9,1,1.04,Sup-C
2026-03-16 12:52:00,2026-03-16,12:52,Noche,Producto B,TO-BE,45.8,52,7.3,2,0.94,Sup-D
2026-03-16 15:40:00,2026-03-16,15:40,Tarde,Producto A,TO-BE,37.18,76,10.8,2,1.06,Sup-B
2026-03-16 16:17:00,2026-03-16,16:17,Tarde,Producto C,TO-BE,48.03,61,4.9,2,1.01,Sup-C
2026-03-16 17:26:00,2026-03-16,17:26,Mañana,Producto B,TO-BE,42.58,87,2.9,0,1.1,Sup-D
2026-03-16 19:03:00,2026-03-16,19:03,Mañana,Producto B,TO-BE,42.04,74,2.1,2,1.04,Sup-D
2026-03-16 19:21:00,2026-03-16,19:21,Tarde,Producto A,TO-BE,38.8,89,1.1,0,1.02,Sup-A
2026-03-16 21:29:00,2026-03-16,21:29,Mañana,Producto B,TO-BE,43.3,88,1.4,0,1.09,Sup-A
2026-03-16 23:37:00,2026-03-16,23:37,Mañana,Producto A,TO-BE,37.98,80,4.6,0,1.13,Sup-C
2026-03-17 00:42:00,2026-03-17,00:42,Mañana,Producto A,TO-BE,36.54,86,2.9,0,1.05,Sup-C
2026-03-17 01:27:00,2026-03-17,01:27,Mañana,Producto A,TO-BE,35.05,79,3.8,1,1.03,Sup-B
2026-03-17 03:38:00,2026-03-17,03:38,Noche,Producto A,TO-BE,40.49,76,5.7,1,0.97,Sup-D
2026-03-17 05:17:00,2026-03-17,05:17,Mañana,Producto B,TO-BE,43.02,91,2.6,1,1.08,Sup-D
2026-03-17 05:54:00,2026-03-17,05:54,Noche,Producto B,TO-BE,43.26,58,6.0,1,1.0,Sup-C
2026-03-17 08:00:00,2026-03-17,08:00,Mañana,Producto B,TO-BE,43.37,96,3.2,2,1.17,Sup-A
2026-03-17 08:42:00,2026-03-17,08:42,Noche,Producto A,TO-BE,40.98,68,4.8,3,0.97,Sup-D
2026-03-17 10:05:00,2026-03-17,10:05,Tarde,Producto B,TO-BE,40.33,64,10.6,1,1.08,Sup-B
2026-03-17 10:29:00,2026-03-17,10:29,Mañana,Producto B,TO-BE,40.2,82,2.0,0,1.06,Sup-B
2026-03-17 13:15:00,2026-03-17,13:15,Tarde,Producto A,TO-BE,41.12,76,3.8,0,1.05,Sup-A
2026-03-17 13:34:00,2026-03-17,13:34,Mañana,Producto A,TO-BE,35.8,81,2.6,0,1.07,Sup-D
2026-03-17 16:56:00,2026-03-17,16:56,Tarde,Producto A,TO-BE,40.49,73,4.8,2,0.99,Sup-B
2026-03-17 20:30:00,2026-03-17,20:30,Mañana,Producto B,TO-BE,41.75,84,2.4,1,1.1,Sup-D
2026-03-17 21:07:00,2026-03-17,21:07,Tarde,Producto A,TO-BE,37.42,80,2.4,1,1.05,Sup-D
2026-03-17 22:45:00,2026-03-17,22:45,Tarde,Producto A,TO-BE,40.75,71,7.0,0,1.05,Sup-B
2026-03-18 03:11:00,2026-03-18,03:11,Tarde,Producto A,TO-BE,41.35,70,4.4,1,1.02,Sup-B
2026-03-18 04:47:00,2026-03-18,04:47,Tarde,Producto A,TO-BE,40.97,80,6.4,0,0.99,Sup-A
2026-03-18 05:15:00,2026-03-18,05:15,Noche,Producto A,TO-BE,37.39,69,5.0,1,1.0,Sup-D
2026-03-18 05:27:00,2026-03-18,05:27,Mañana,Producto C,TO-BE,47.08,86,0.2,2,1.06,Sup-A
2026-03-18 05:44:00,2026-03-18,05:44,Mañana,Producto B,TO-BE,42.89,93,3.9,0,1.02,Sup-B
2026-03-18 07:59:00,2026-03-18,07:59,Tarde,Producto A,TO-BE,39.43,81,2.7,1,1.07,Sup-B
2026-03-18 08:22:00,2026-03-18,08:22,Tarde,Producto A,TO-BE,41.74,72,4.3,1,1.04,Sup-C
2026-03-18 08:54:00,2026-03-18,08:54,Tarde,Producto C,TO-BE,48.81,60,3.9,2,1.05,Sup-B
2026-03-18 08:57:00,2026-03-18,08:57,Mañana,Producto A,TO-BE,36.98,76,3.6,1,1.06,Sup-D
2026-03-18 09:27:00,2026-03-18,09:27,Mañana,Producto B,TO-BE,36.26,91,2.9,0,1.12,Sup-B
2026-03-18 09:32:00,2026-03-18,09:32,Mañana,Producto A,TO-BE,33.51,85,2.5,0,1.14,Sup-C
2026-03-18 11:02:00,2026-03-18,11:02,Tarde,Producto C,TO-BE,49.91,59,4.8,0,1.08,Sup-B
2026-03-18 13:58:00,2026-03-18,13:58,Mañana,Producto A,TO-BE,35.08,79,7.5,1,1.07,Sup-A
2026-03-18 14:42:00,2026-03-18,14:42,Noche,Producto C,TO-BE,51.42,52,6.4,4,0.94,Sup-C
2026-03-18 22:56:00,2026-03-18,22:56,Mañana,Producto B,TO-BE,36.54,101,2.1,0,1.14,Sup-A
2026-03-19 00:16:00,2026-03-19,00:16,Mañana,Producto A,TO-BE,36.5,78,3.0,1,1.08,Sup-B
2026-03-19 00:49:00,2026-03-19,00:49,Noche,Producto A,TO-BE,38.96,74,4.1,1,0.99,Sup-C
2026-03-19 01:12:00,2026-03-19,01:12,Tarde,Producto B,TO-BE,44.54,56,4.6,1,1.0,Sup-B
2026-03-19 01:38:00,2026-03-19,01:38,Mañana,Producto B,TO-BE,41.58,89,2.0,1,1.03,Sup-A
2026-03-19 04:38:00,2026-03-19,04:38,Noche,Producto B,TO-BE,46.53,52,13.7,1,1.0,Sup-C
2026-03-19 04:38:00,2026-03-19,04:38,Tarde,Producto A,TO-BE,36.78,68,4.6,1,1.01,Sup-C
2026-03-19 05:13:00,2026-03-19,05:13,Tarde,Producto B,TO-BE,41.93,84,3.9,2,1.08,Sup-A
2026-03-19 07:07:00,2026-03-19,07:07,Mañana,Producto C,TO-BE,47.75,85,2.7,2,1.13,Sup-B
2026-03-19 07:17:00,2026-03-19,07:17,Noche,Producto B,TO-BE,38.79,63,10.9,1,1.07,Sup-C
2026-03-19 07:29:00,2026-03-19,07:29,Tarde,Producto C,TO-BE,47.78,70,3.4,1,1.04,Sup-D
2026-03-19 12:49:00,2026-03-19,12:49,Mañana,Producto C,TO-BE,47.83,80,3.3,1,1.02,Sup-C
2026-03-19 15:14:00,2026-03-19,15:14,Mañana,Producto A,TO-BE,38.21,92,3.6,1,1.1,Sup-B
2026-03-19 22:01:00,2026-03-19,22:01,Tarde,Producto A,TO-BE,40.11,68,6.7,2,1.05,Sup-B
2026-03-19 23:09:00,2026-03-19,23:09,Noche,Producto A,TO-BE,42.21,61,5.6,2,1.0,Sup-C
2026-03-19 23:34:00,2026-03-19,23:34,Noche,Producto A,TO-BE,42.16,63,2.8,0,0.96,Sup-D
2026-03-20 00:27:00,2026-03-20,00:27,Tarde,Producto C,TO-BE,51.06,73,3.6,0,1.03,Sup-D
2026-03-20 01:53:00,2026-03-20,01:53,Tarde,Producto B,TO-BE,42.46,83,2.4,1,1.08,Sup-C
2026-03-20 02:32:00,2026-03-20,02:32,Tarde,Producto C,TO-BE,49.37,70,4.3,0,1.04,Sup-B
2026-03-20 03:01:00,2026-03-20,03:01,Noche,Producto B,TO-BE,42.47,68,4.5,3,1.06,Sup-C
2026-03-20 06:06:00,2026-03-20,06:06,Mañana,Producto C,TO-BE,47.79,70,5.5,3,1.06,Sup-D
2026-03-20 08:14:00,2026-03-20,08:14,Tarde,Producto A,TO-BE,38.42,83,3.7,0,1.08,Sup-D
2026-03-20 10:28:00,2026-03-20,10:28,Tarde,Producto C,TO-BE,53.55,68,3.9,3,0.97,Sup-B
2026-03-20 12:32:00,2026-03-20,12:32,Noche,Producto A,TO-BE,38.04,82,2.3,0,1.08,Sup-C
2026-03-20 13:18:00,2026-03-20,13:18,Noche,Producto C,TO-BE,52.32,70,3.4,0,0.98,Sup-C
2026-03-20 14:57:00,2026-03-20,14:57,Tarde,Producto A,TO-BE,37.87,92,4.7,0,1.12,Sup-A
2026-03-20 16:12:00,2026-03-20,16:12,Noche,Producto A,TO-BE,43.44,59,4.2,1,0.91,Sup-C
2026-03-20 16:57:00,2026-03-20,16:57,Mañana,Producto A,TO-BE,39.82,99,4.1,2,1.07,Sup-D
2026-03-20 19:46:00,2026-03-20,19:46,Noche,Producto A,TO-BE,40.59,81,4.1,0,1.05,Sup-C
2026-03-20 21:48:00,2026-03-20,21:48,Noche,Producto C,TO-BE,50.45,58,5.7,0,0.98,Sup-D
2026-03-20 23:02:00,2026-03-20,23:02,Tarde,Producto A,TO-BE,39.78,81,2.5,1,1.03,Sup-A
2026-03-21 00:50:00,2026-03-21,00:50,Tarde,Producto B,TO-BE,45.8,77,5.2,3,1.06,Sup-C
2026-03-21 03:25:00,2026-03-21,03:25,Mañana,Producto C,TO-BE,47.68,82,4.8,0,1.18,Sup-C
2026-03-21 06:19:00,2026-03-21,06:19,Mañana,Producto B,TO-BE,43.65,78,5.0,2,1.09,Sup-B
2026-03-21 07:21:00,2026-03-21,07:21,Mañana,Producto B,TO-BE,38.91,90,3.1,1,1.15,Sup-A
2026-03-21 07:33:00,2026-03-21,07:33,Tarde,Producto B,TO-BE,45.06,67,12.9,3,1.16,Sup-C
2026-03-21 07:58:00,2026-03-21,07:58,Tarde,Producto A,TO-BE,40.4,48,10.3,2,1.02,Sup-A
2026-03-21 08:00:00,2026-03-21,08:00,Tarde,Producto A,TO-BE,38.93,76,4.9,2,1.0,Sup-A
2026-03-21 11:19:00,2026-03-21,11:19,Tarde,Producto A,TO-BE,42.27,58,5.5,0,0.97,Sup-A
2026-03-21 15:44:00,2026-03-21,15:44,Noche,Producto A,TO-BE,40.18,68,4.8,2,0.98,Sup-C
2026-03-21 17:07:00,2026-03-21,17:07,Tarde,Producto B,TO-BE,43.58,76,5.6,2,1.13,Sup-D
2026-03-21 17:36:00,2026-03-21,17:36,Noche,Producto B,TO-BE,48.49,62,6.0,0,1.05,Sup-C
2026-03-21 17:38:00,2026-03-21,17:38,Tarde,Producto A,TO-BE,40.9,75,3.4,3,0.95,Sup-A
2026-03-21 19:12:00,2026-03-21,19:12,Noche,Producto B,TO-BE,44.53,60,5.6,0,1.02,Sup-C
2026-03-21 21:06:00,2026-03-21,21:06,Mañana,Producto B,TO-BE,44.42,76,5.1,2,1.09,Sup-B
2026-03-21 23:14:00,2026-03-21,23:14,Tarde,Producto A,TO-BE,42.26,74,4.9,2,1.0,Sup-A
2026-03-22 07:39:00,2026-03-22,07:39,Noche,Producto B,TO-BE,48.12,64,6.4,0,1.01,Sup-D
2026-03-22 07:56:00,2026-03-22,07:56,Tarde,Producto A,TO-BE,37.34,71,4.8,0,1.03,Sup-B
2026-03-22 09:18:00,2026-03-22,09:18,Mañana,Producto B,TO-BE,42.45,72,3.5,0,1.0,Sup-C
2026-03-22 09:25:00,2026-03-22,09:25,Tarde,Producto C,TO-BE,54.22,60,6.1,0,1.03,Sup-B
2026-03-22 09:47:00,2026-03-22,09:47,Tarde,Producto A,TO-BE,39.11,78,4.7,0,1.04,Sup-D
2026-03-22 10:17:00,2026-03-22,10:17,Mañana,Producto C,TO-BE,48.0,81,2.3,2,1.06,Sup-A
2026-03-22 10:25:00,2026-03-22,10:25,Mañana,Producto B,TO-BE,42.28,93,2.3,1,1.11,Sup-A
2026-03-22 10:47:00,2026-03-22,10:47,Noche,Producto A,TO-BE,43.61,63,5.5,1,0.97,Sup-C
2026-03-22 14:33:00,2026-03-22,14:33,Tarde,Producto B,TO-BE,43.26,73,4.2,1,1.1,Sup-A
2026-03-22 19:13:00,2026-03-22,19:13,Mañana,Producto A,TO-BE,33.78,90,4.9,1,1.1,Sup-B
2026-03-22 20:07:00,2026-03-22,20:07,Mañana,Producto A,TO-BE,39.98,103,0.9,0,1.04,Sup-D
2026-03-22 20:08:00,2026-03-22,20:08,Mañana,Producto B,TO-BE,41.66,85,4.9,1,1.02,Sup-C
2026-03-22 22:03:00,2026-03-22,22:03,Mañana,Producto A,TO-BE,39.94,81,5.4,1,1.12,Sup-C
2026-03-22 22:53:00,2026-03-22,22:53,Tarde,Producto A,TO-BE,42.43,83,4.1,0,1.06,Sup-D
2026-03-22 23:59:00,2026-03-22,23:59,Noche,Producto C,TO-BE,49.73,59,7.7,0,1.07,Sup-C
2026-03-23 00:10:00,2026-03-23,00:10,Noche,Producto A,TO-BE,41.05,70,4.2,1,1.03,Sup-D
2026-03-23 00:31:00,2026-03-23,00:31,Tarde,Producto A,TO-BE,43.45,60,12.7,2,1.02,Sup-C
2026-03-23 02:14:00,2026-03-23,02:14,Tarde,Producto B,TO-BE,45.65,74,2.9,1,1.08,Sup-B
2026-03-23 04:30:00,2026-03-23,04:30,Tarde,Producto A,TO-BE,41.71,63,5.4,0,1.01,Sup-A
2026-03-23 04:45:00,2026-03-23,04:45,Mañana,Producto A,TO-BE,37.07,85,4.2,0,1.05,Sup-A
2026-03-23 05:08:00,2026-03-23,05:08,Mañana,Producto A,TO-BE,37.24,85,4.1,1,1.15,Sup-A
2026-03-23 08:48:00,2026-03-23,08:48,Mañana,Producto B,TO-BE,39.56,83,1.5,0,1.08,Sup-A
2026-03-23 09:47:00,2026-03-23,09:47,Tarde,Producto C,TO-BE,53.42,50,12.6,0,1.01,Sup-C
2026-03-23 11:53:00,2026-03-23,11:53,Mañana,Producto B,TO-BE,41.45,90,1.5,1,1.11,Sup-B
2026-03-23 13:49:00,2026-03-23,13:49,Tarde,Producto A,TO-BE,41.04,79,3.7,0,1.09,Sup-C
2026-03-23 15:22:00,2026-03-23,15:22,Noche,Producto B,TO-BE,40.47,64,5.7,0,1.03,Sup-D
2026-03-23 17:02:00,2026-03-23,17:02,Mañana,Producto A,TO-BE,37.01,80,4.4,0,1.05,Sup-B
2026-03-23 18:23:00,2026-03-23,18:23,Mañana,Producto C,TO-BE,45.98,84,2.6,1,1.11,Sup-A
2026-03-23 19:02:00,2026-03-23,19:02,Mañana,Producto B,TO-BE,41.5,82,3.1,2,1.03,Sup-C
2026-03-23 21:12:00,2026-03-23,21:12,Noche,Producto B,TO-BE,44.74,67,4.8,1,0.92,Sup-C
2026-03-24 06:08:00,2026-03-24,06:08,Mañana,Producto A,TO-BE,36.56,99,1.5,0,1.15,Sup-C
2026-03-24 07:50:00,2026-03-24,07:50,Mañana,Producto B,TO-BE,39.21,80,4.8,3,1.1,Sup-C
2026-03-24 09:22:00,2026-03-24,09:22,Noche,Producto C,TO-BE,54.15,62,5.5,0,1.01,Sup-C
2026-03-24 09:46:00,2026-03-24,09:46,Mañana,Producto A,TO-BE,36.38,90,4.5,0,1.08,Sup-A
2026-03-24 11:39:00,2026-03-24,11:39,Mañana,Producto A,TO-BE,35.83,84,3.8,1,1.1,Sup-D
2026-03-24 13:30:00,2026-03-24,13:30,Noche,Producto A,TO-BE,39.68,65,3.5,3,0.99,Sup-C
2026-03-24 13:36:00,2026-03-24,13:36,Noche,Producto A,TO-BE,42.67,52,4.3,4,0.96,Sup-D
2026-03-24 13:43:00,2026-03-24,13:43,Mañana,Producto B,TO-BE,41.11,95,3.6,1,1.11,Sup-D
2026-03-24 15:45:00,2026-03-24,15:45,Noche,Producto C,TO-BE,49.35,48,15.1,2,1.05,Sup-D
2026-03-24 16:57:00,2026-03-24,16:57,Noche,Producto B,TO-BE,39.96,69,5.8,0,0.98,Sup-D
2026-03-24 17:57:00,2026-03-24,17:57,Mañana,Producto B,TO-BE,39.21,77,7.9,1,1.19,Sup-A
2026-03-24 18:02:00,2026-03-24,18:02,Tarde,Producto A,TO-BE,36.29,68,4.5,0,1.11,Sup-B
2026-03-24 20:37:00,2026-03-24,20:37,Tarde,Producto B,TO-BE,43.55,74,2.3,0,0.99,Sup-A
2026-03-24 20:45:00,2026-03-24,20:45,Tarde,Producto A,TO-BE,36.85,75,3.2,1,1.06,Sup-B
2026-03-24 21:51:00,2026-03-24,21:51,Mañana,Producto A,TO-BE,39.36,81,1.4,1,0.96,Sup-C
2026-03-25 00:03:00,2026-03-25,00:03,Noche,Producto C,TO-BE,47.99,56,6.2,2,1.04,Sup-C
2026-03-25 00:50:00,2026-03-25,00:50,Mañana,Producto A,TO-BE,36.35,96,3.3,0,1.13,Sup-A
2026-03-25 02:24:00,2026-03-25,02:24,Tarde,Producto C,TO-BE,47.82,68,4.3,3,1.06,Sup-A
2026-03-25 03:04:00,2026-03-25,03:04,Mañana,Producto A,TO-BE,38.27,87,2.5,0,1.08,Sup-B
2026-03-25 03:19:00,2026-03-25,03:19,Tarde,Producto B,TO-BE,41.29,86,0.5,1,1.08,Sup-C
2026-03-25 03:34:00,2026-03-25,03:34,Noche,Producto A,TO-BE,41.5,67,4.1,2,1.01,Sup-D
2026-03-25 03:45:00,2026-03-25,03:45,Mañana,Producto A,TO-BE,35.61,87,3.0,1,1.11,Sup-A
2026-03-25 07:41:00,2026-03-25,07:41,Mañana,Producto A,TO-BE,36.7,92,2.9,0,1.05,Sup-A
2026-03-25 10:04:00,2026-03-25,10:04,Mañana,Producto C,TO-BE,43.79,87,3.9,1,1.2,Sup-B
2026-03-25 14:17:00,2026-03-25,14:17,Tarde,Producto A,TO-BE,36.3,77,4.8,3,1.04,Sup-D
2026-03-25 14:46:00,2026-03-25,14:46,Mañana,Producto A,TO-BE,36.54,93,2.1,1,1.1,Sup-B
2026-03-25 15:18:00,2026-03-25,15:18,Tarde,Producto B,TO-BE,41.45,80,4.4,1,1.11,Sup-B
2026-03-25 17:10:00,2026-03-25,17:10,Tarde,Producto C,TO-BE,51.11,76,1.4,3,1.04,Sup-A
2026-03-25 19:21:00,2026-03-25,19:21,Mañana,Producto A,TO-BE,37.35,98,3.6,0,1.09,Sup-A
2026-03-25 23:40:00,2026-03-25,23:40,Mañana,Producto B,TO-BE,43.67,95,0.3,0,1.08,Sup-A
2026-03-26 01:13:00,2026-03-26,01:13,Noche,Producto A,TO-BE,44.69,58,5.6,1,1.0,Sup-D
2026-03-26 02:50:00,2026-03-26,02:50,Mañana,Producto B,TO-BE,40.44,81,0.1,2,1.14,Sup-B
2026-03-26 03:05:00,2026-03-26,03:05,Noche,Producto B,TO-BE,42.54,62,5.6,2,1.05,Sup-D
2026-03-26 04:20:00,2026-03-26,04:20,Mañana,Producto B,TO-BE,42.2,54,11.3,1,1.04,Sup-C
2026-03-26 05:20:00,2026-03-26,05:20,Noche,Producto B,TO-BE,47.73,45,4.8,0,0.96,Sup-C
2026-03-26 06:31:00,2026-03-26,06:31,Mañana,Producto A,TO-BE,36.36,84,3.6,2,1.13,Sup-D
2026-03-26 08:12:00,2026-03-26,08:12,Mañana,Producto B,TO-BE,43.22,77,4.1,0,1.08,Sup-D
2026-03-26 08:58:00,2026-03-26,08:58,Noche,Producto A,TO-BE,38.87,79,1.8,1,1.08,Sup-C
2026-03-26 11:19:00,2026-03-26,11:19,Mañana,Producto A,TO-BE,36.92,95,0.5,0,1.09,Sup-B
2026-03-26 12:15:00,2026-03-26,12:15,Tarde,Producto A,TO-BE,40.88,90,3.5,0,1.03,Sup-A
2026-03-26 13:04:00,2026-03-26,13:04,Tarde,Producto A,TO-BE,40.62,73,2.2,0,1.01,Sup-B
2026-03-26 13:45:00,2026-03-26,13:45,Tarde,Producto A,TO-BE,40.02,65,10.5,0,1.06,Sup-D
2026-03-26 15:25:00,2026-03-26,15:25,Mañana,Producto C,TO-BE,48.56,72,6.1,2,1.04,Sup-C
2026-03-26 21:50:00,2026-03-26,21:50,Mañana,Producto C,TO-BE,47.66,87,5.0,0,1.13,Sup-B
2026-03-26 22:36:00,2026-03-26,22:36,Tarde,Producto B,TO-BE,43.5,70,4.3,0,1.01,Sup-B
2026-03-27 01:13:00,2026-03-27,01:13,Noche,Producto A,TO-BE,44.65,47,13.8,0,0.99,Sup-C
2026-03-27 01:39:00,2026-03-27,01:39,Mañana,Producto B,TO-BE,40.32,70,3.5,1,1.11,Sup-B
2026-03-27 04:55:00,2026-03-27,04:55,Noche,Producto C,TO-BE,57.83,61,5.4,0,0.97,Sup-C
2026-03-27 05:36:00,2026-03-27,05:36,Noche,Producto B,TO-BE,44.87,69,4.8,0,1.08,Sup-D
2026-03-27 06:01:00,2026-03-27,06:01,Mañana,Producto C,TO-BE,46.3,86,4.8,1,1.09,Sup-A
2026-03-27 07:28:00,2026-03-27,07:28,Noche,Producto C,TO-BE,50.9,65,2.7,1,0.89,Sup-C
2026-03-27 09:09:00,2026-03-27,09:09,Noche,Producto C,TO-BE,50.74,66,6.9,2,0.98,Sup-C
2026-03-27 10:46:00,2026-03-27,10:46,Mañana,Producto A,TO-BE,38.72,89,2.3,1,1.06,Sup-A
2026-03-27 11:04:00,2026-03-27,11:04,Noche,Producto C,TO-BE,51.45,60,6.6,1,0.98,Sup-D
2026-03-27 12:24:00,2026-03-27,12:24,Mañana,Producto B,TO-BE,44.46,73,2.7,0,1.04,Sup-A
2026-03-27 12:25:00,2026-03-27,12:25,Noche,Producto B,TO-BE,44.25,72,4.3,0,1.05,Sup-C
2026-03-27 14:27:00,2026-03-27,14:27,Mañana,Producto C,TO-BE,46.26,76,2.0,1,1.05,Sup-D
2026-03-27 19:22:00,2026-03-27,19:22,Mañana,Producto A,TO-BE,37.55,88,6.6,2,1.08,Sup-C
2026-03-27 20:43:00,2026-03-27,20:43,Mañana,Producto A,TO-BE,35.94,89,3.3,2,1.14,Sup-A
2026-03-27 20:55:00,2026-03-27,20:55,Tarde,Producto B,TO-BE,43.83,67,7.2,1,1.03,Sup-B
2026-03-28 03:06:00,2026-03-28,03:06,Noche,Producto A,TO-BE,40.39,59,8.2,2,1.02,Sup-C
2026-03-28 03:24:00,2026-03-28,03:24,Tarde,Producto B,TO-BE,44.49,75,10.8,3,1.06,Sup-A
2026-03-28 04:15:00,2026-03-28,04:15,Tarde,Producto B,TO-BE,40.77,77,3.3,0,1.05,Sup-D
2026-03-28 04:47:00,2026-03-28,04:47,Mañana,Producto A,TO-BE,38.22,83,4.2,0,1.12,Sup-B
2026-03-28 06:50:00,2026-03-28,06:50,Noche,Producto C,TO-BE,51.57,57,6.9,2,1.05,Sup-C
2026-03-28 08:34:00,2026-03-28,08:34,Tarde,Producto B,TO-BE,44.85,64,2.7,1,0.99,Sup-A
2026-03-28 09:14:00,2026-03-28,09:14,Noche,Producto A,TO-BE,43.36,64,6.2,0,0.89,Sup-D
2026-03-28 11:16:00,2026-03-28,11:16,Noche,Producto B,TO-BE,45.97,70,7.8,2,1.04,Sup-D
2026-03-28 14:16:00,2026-03-28,14:16,Noche,Producto A,TO-BE,43.66,64,5.7,1,0.96,Sup-D
2026-03-28 15:18:00,2026-03-28,15:18,Noche,Producto A,TO-BE,40.85,64,4.3,1,0.92,Sup-D
2026-03-28 17:22:00,2026-03-28,17:22,Noche,Producto C,TO-BE,55.61,42,7.2,1,0.94,Sup-C
2026-03-28 19:31:00,2026-03-28,19:31,Tarde,Producto A,TO-BE,39.29,87,6.7,1,1.11,Sup-B
2026-03-28 20:55:00,2026-03-28,20:55,Tarde,Producto B,TO-BE,45.31,73,4.5,0,1.04,Sup-A
2026-03-28 23:06:00,2026-03-28,23:06,Mañana,Producto A,TO-BE,40.86,100,4.2,0,1.11,Sup-C
2026-03-28 23:36:00,2026-03-28,23:36,Mañana,Producto C,TO-BE,45.88,75,5.5,1,1.12,Sup-A
2026-03-29 00:48:00,2026-03-29,00:48,Tarde,Producto B,TO-BE,43.29,73,5.4,1,1.02,Sup-C
2026-03-29 01:49:00,2026-03-29,01:49,Mañana,Producto B,TO-BE,43.84,75,3.2,1,0.92,Sup-A
2026-03-29 02:04:00,2026-03-29,02:04,Noche,Producto A,TO-BE,43.79,67,5.8,2,0.95,Sup-D
2026-03-29 02:50:00,2026-03-29,02:50,Noche,Producto C,TO-BE,50.65,58,6.2,2,1.02,Sup-D
2026-03-29 03:23:00,2026-03-29,03:23,Noche,Producto A,TO-BE,42.83,65,6.3,2,0.92,Sup-C
2026-03-29 05:19:00,2026-03-29,05:19,Tarde,Producto C,TO-BE,54.64,57,13.0,0,1.04,Sup-D
2026-03-29 05:27:00,2026-03-29,05:27,Mañana,Producto A,TO-BE,38.84,84,2.8,1,1.04,Sup-D
2026-03-29 06:36:00,2026-03-29,06:36,Noche,Producto B,TO-BE,47.43,56,6.7,2,1.01,Sup-D
2026-03-29 10:49:00,2026-03-29,10:49,Mañana,Producto C,TO-BE,50.27,87,3.9,0,1.1,Sup-D
2026-03-29 13:26:00,2026-03-29,13:26,Tarde,Producto C,TO-BE,54.9,64,2.2,2,0.94,Sup-A
2026-03-29 19:41:00,2026-03-29,19:41,Mañana,Producto C,TO-BE,47.28,74,5.0,0,1.02,Sup-A
2026-03-29 20:59:00,2026-03-29,20:59,Noche,Producto C,TO-BE,53.73,56,6.4,1,0.99,Sup-C
2026-03-29 21:28:00,2026-03-29,21:28,Tarde,Producto B,TO-BE,49.07,64,3.2,1,0.88,Sup-B
2026-03-29 22:22:00,2026-03-29,22:22,Mañana,Producto A,TO-BE,41.56,82,1.9,0,1.02,Sup-A
2026-03-29 23:42:00,2026-03-29,23:42,Tarde,Producto A,TO-BE,40.3,86,5.9,0,1.0,Sup-C
2026-03-30 01:38:00,2026-03-30,01:38,Tarde,Producto C,TO-BE,47.57,84,5.6,1,1.12,Sup-C
2026-03-30 01:51:00,2026-03-30,01:51,Mañana,Producto C,TO-BE,47.23,86,3.0,5,1.12,Sup-B
2026-03-30 02:03:00,2026-03-30,02:03,Mañana,Producto C,TO-BE,47.23,83,2.6,0,1.1,Sup-A
2026-03-30 02:39:00,2026-03-30,02:39,Mañana,Producto B,TO-BE,42.22,74,9.8,1,1.04,Sup-A
2026-03-30 04:33:00,2026-03-30,04:33,Tarde,Producto B,TO-BE,41.41,75,2.8,1,1.09,Sup-D
2026-03-30 04:48:00,2026-03-30,04:48,Mañana,Producto A,TO-BE,36.31,97,2.2,0,1.14,Sup-A
2026-03-30 05:54:00,2026-03-30,05:54,Mañana,Producto A,TO-BE,36.33,89,4.0,0,1.13,Sup-A
2026-03-30 06:18:00,2026-03-30,06:18,Tarde,Producto A,TO-BE,39.69,77,2.2,0,1.04,Sup-C
2026-03-30 09:18:00,2026-03-30,09:18,Mañana,Producto A,TO-BE,36.18,83,4.3,2,1.1,Sup-B
2026-03-30 09:33:00,2026-03-30,09:33,Tarde,Producto C,TO-BE,47.91,63,3.9,3,1.02,Sup-A
2026-03-30 10:07:00,2026-03-30,10:07,Tarde,Producto A,TO-BE,39.6,74,5.2,1,0.99,Sup-D
2026-03-30 16:00:00,2026-03-30,16:00,Noche,Producto A,TO-BE,40.22,74,2.8,1,1.04,Sup-D
2026-03-30 16:35:00,2026-03-30,16:35,Noche,Producto A,TO-BE,43.96,58,6.6,2,0.98,Sup-C
2026-03-30 16:40:00,2026-03-30,16:40,Mañana,Producto A,TO-BE,35.59,97,2.7,0,1.16,Sup-A
2026-03-30 23:51:00,2026-03-30,23:51,Noche,Producto B,TO-BE,40.47,70,5.8,1,1.08,Sup-C
2026-03-31 00:51:00,2026-03-31,00:51,Mañana,Producto A,TO-BE,39.69,95,1.9,1,1.16,Sup-B
2026-03-31 03:26:00,2026-03-31,03:26,Tarde,Producto A,TO-BE,41.81,84,2.3,1,0.99,Sup-B
2026-03-31 03:27:00,2026-03-31,03:27,Noche,Producto B,TO-BE,46.06,61,6.5,1,1.01,Sup-C
2026-03-31 04:23:00,2026-03-31,04:23,Mañana,Producto C,TO-BE,47.45,73,3.4,1,1.11,Sup-A
2026-03-31 04:45:00,2026-03-31,04:45,Noche,Producto B,TO-BE,44.31,68,5.7,2,1.05,Sup-C
2026-03-31 06:22:00,2026-03-31,06:22,Mañana,Producto B,TO-BE,44.23,77,3.7,2,1.08,Sup-B
2026-03-31 07:18:00,2026-03-31,07:18,Tarde,Producto A,TO-BE,36.77,81,4.3,0,1.04,Sup-C
2026-03-31 08:07:00,2026-03-31,08:07,Noche,Producto B,TO-BE,46.75,68,3.1,1,0.97,Sup-C
2026-03-31 08:49:00,2026-03-31,08:49,Noche,Producto C,TO-BE,51.52,61,4.7,1,1.05,Sup-D
2026-03-31 10:44:00,2026-03-31,10:44,Noche,Producto A,TO-BE,44.12,76,4.6,2,1.07,Sup-D
2026-03-31 12:15:00,2026-03-31,12:15,Mañana,Producto B,TO-BE,40.77,80,5.3,2,1.1,Sup-C
2026-03-31 12:24:00,2026-03-31,12:24,Noche,Producto B,TO-BE,46.65,65,6.7,0,1.08,Sup-C
2026-03-31 17:56:00,2026-03-31,17:56,Noche,Producto A,TO-BE,41.55,59,4.0,1,1.01,Sup-D
2026-03-31 18:19:00,2026-03-31,18:19,Noche,Producto B,TO-BE,42.38,58,3.2,2,1.04,Sup-D
2026-03-31 21:35:00,2026-03-31,21:35,Mañana,Producto B,TO-BE,39.89,76,3.7,1,1.03,Sup-B
2026-04-01 02:00:00,2026-04-01,02:00,Tarde,Producto B,TO-BE,44.53,85,4.3,1,1.06,Sup-C
2026-04-01 02:28:00,2026-04-01,02:28,Mañana,Producto A,TO-BE,33.58,84,4.6,3,1.16,Sup-D
2026-04-01 04:03:00,2026-04-01,04:03,Tarde,Producto B,TO-BE,41.0,81,2.1,2,1.1,Sup-C
2026-04-01 05:00:00,2026-04-01,05:00,Tarde,Producto B,TO-BE,45.53,69,5.6,1,1.06,Sup-A
2026-04-01 06:23:00,2026-04-01,06:23,Mañana,Producto C,TO-BE,43.99,88,3.1,2,1.15,Sup-A
2026-04-01 09:05:00,2026-04-01,09:05,Mañana,Producto C,TO-BE,47.17,76,4.5,1,1.13,Sup-A
2026-04-01 10:04:00,2026-04-01,10:04,Noche,Producto B,TO-BE,48.88,60,5.4,1,0.97,Sup-C
2026-04-01 12:32:00,2026-04-01,12:32,Mañana,Producto A,TO-BE,38.59,95,2.4,2,1.14,Sup-B
2026-04-01 17:28:00,2026-04-01,17:28,Tarde,Producto A,TO-BE,39.64,78,2.6,2,1.06,Sup-A
2026-04-01 18:07:00,2026-04-01,18:07,Tarde,Producto B,TO-BE,41.79,64,10.1,1,1.05,Sup-D
2026-04-01 18:20:00,2026-04-01,18:20,Tarde,Producto B,TO-BE,44.63,84,0.0,1,1.1,Sup-A
2026-04-01 18:32:00,2026-04-01,18:32,Noche,Producto A,TO-BE,42.38,66,6.4,1,0.97,Sup-D
2026-04-01 19:51:00,2026-04-01,19:51,Tarde,Producto A,TO-BE,40.31,64,12.4,0,1.0,Sup-D
2026-04-01 19:58:00,2026-04-01,19:58,Noche,Producto A,TO-BE,38.02,76,4.2,1,1.04,Sup-D
2026-04-01 22:08:00,2026-04-01,22:08,Tarde,Producto C,TO-BE,45.66,67,4.5,0,0.99,Sup-A
